transferor_loan_number,due_date,scheduled_amount,received_on,received_amount
TR-0000001,2024-11-01,5727.44,2024-10-30,5727.44
TR-0000001,2024-12-01,5727.44,2024-12-09,5727.44
TR-0000001,2025-01-01,5727.44,2025-01-08,5727.44
TR-0000001,2025-02-01,5727.44,2025-02-09,5727.44
TR-0000001,2025-03-01,5727.44,2025-03-05,5727.44
TR-0000001,2025-04-01,5727.44,2025-04-11,5727.44
TR-0000001,2025-05-01,5727.44,2025-05-09,5727.44
TR-0000001,2025-06-01,5727.44,2025-06-06,5727.44
TR-0000001,2025-07-01,5727.44,2025-06-29,5727.44
TR-0000001,2025-08-01,5727.44,2025-08-12,5727.44
TR-0000001,2025-09-01,5727.44,2025-09-01,5727.44
TR-0000001,2025-10-01,5727.44,2025-10-11,5727.44
TR-0000001,2025-11-01,5727.44,2025-11-12,5727.44
TR-0000001,2025-12-01,5727.44,2025-12-03,5727.44
TR-0000001,2026-01-01,5727.44,2026-01-04,5727.44
TR-0000001,2026-02-01,5727.44,2026-01-29,5727.44
TR-0000001,2026-03-01,5727.44,2026-03-10,5727.44
TR-0000001,2026-04-01,5727.44,2026-04-03,5727.44
TR-0000001,2026-05-01,5727.44,2026-04-28,5727.44
TR-0000001,2026-06-01,5727.44,2026-06-04,5727.44
TR-0000001,2026-07-01,5727.44,2026-07-07,5727.44
TR-0000001,2026-08-01,5727.44,2026-08-08,5727.44
TR-0000001,2026-09-01,5727.44,2026-08-31,5727.44
TR-0000001,2026-10-01,5727.44,,
TR-0000002,2024-11-01,1032.04,2024-11-03,1032.04
TR-0000002,2024-12-01,1032.04,2024-12-09,1032.04
TR-0000002,2025-01-01,1032.04,2024-12-31,1032.04
TR-0000002,2025-02-01,1032.04,2025-02-13,1032.04
TR-0000002,2025-03-01,1032.04,2025-02-28,1032.04
TR-0000002,2025-04-01,1032.04,2025-04-03,1032.04
TR-0000002,2025-05-01,1032.04,2025-05-11,1032.04
TR-0000002,2025-06-01,1032.04,2025-06-12,1032.04
TR-0000002,2025-07-01,1032.04,2025-07-03,1032.04
TR-0000002,2025-08-01,1032.04,2025-08-07,1032.04
TR-0000002,2025-09-01,1032.04,2025-09-07,1032.04
TR-0000002,2025-10-01,1032.04,2025-09-29,1032.04
TR-0000002,2025-11-01,1032.04,2025-11-08,1032.04
TR-0000002,2025-12-01,1032.04,2025-12-07,1032.04
TR-0000002,2026-01-01,1032.04,2026-01-08,1032.04
TR-0000002,2026-02-01,1032.04,2026-02-12,1032.04
TR-0000002,2026-03-01,1032.04,2026-02-26,1032.04
TR-0000002,2026-04-01,1032.04,2026-03-31,1032.04
TR-0000002,2026-05-01,1032.04,2026-05-12,1032.04
TR-0000002,2026-06-01,1032.04,2026-06-02,1032.04
TR-0000002,2026-07-01,1032.04,2026-07-10,1032.04
TR-0000002,2026-08-01,1032.04,2026-07-29,1032.04
TR-0000002,2026-09-01,1032.04,2026-09-12,1032.04
TR-0000002,2026-10-01,1032.04,,
TR-0000003,2024-11-01,3629.82,2024-10-31,3629.82
TR-0000003,2024-12-01,3629.82,2024-12-02,3629.82
TR-0000003,2025-01-01,3629.82,2024-12-30,3629.82
TR-0000003,2025-02-01,3629.82,2025-01-30,3629.82
TR-0000003,2025-03-01,3629.82,2025-03-10,3629.82
TR-0000003,2025-04-01,3629.82,2025-04-11,3629.82
TR-0000003,2025-05-01,3629.82,2025-05-06,3629.82
TR-0000003,2025-06-01,3629.82,2025-06-06,3629.82
TR-0000003,2025-07-01,3629.82,2025-07-11,3629.82
TR-0000003,2025-08-01,3629.82,2025-08-11,3629.82
TR-0000003,2025-09-01,3629.82,2025-09-11,3629.82
TR-0000003,2025-10-01,3629.82,2025-10-05,3629.82
TR-0000003,2025-11-01,3629.82,2025-11-04,3629.82
TR-0000003,2025-12-01,3629.82,2025-12-12,3629.82
TR-0000003,2026-01-01,3629.82,2026-01-04,3629.82
TR-0000003,2026-02-01,3629.82,2026-01-30,3629.82
TR-0000003,2026-03-01,3629.82,2026-03-04,3629.82
TR-0000003,2026-04-01,3629.82,2026-04-13,3629.82
TR-0000003,2026-05-01,3629.82,2026-05-07,3629.82
TR-0000003,2026-06-01,3629.82,2026-06-06,3629.82
TR-0000003,2026-07-01,3629.82,2026-06-29,3629.82
TR-0000003,2026-08-01,3629.82,2026-07-29,3629.82
TR-0000003,2026-09-01,3629.82,2026-08-31,3629.82
TR-0000003,2026-10-01,3629.82,,
TR-0000004,2024-11-01,6639.82,2024-11-13,6639.82
TR-0000004,2024-12-01,6639.82,2024-12-04,6639.82
TR-0000004,2025-01-01,6639.82,2025-01-07,6639.82
TR-0000004,2025-02-01,6639.82,2025-02-07,6639.82
TR-0000004,2025-03-01,6639.82,2025-02-28,6639.82
TR-0000004,2025-04-01,6639.82,2025-04-02,6639.82
TR-0000004,2025-05-01,6639.82,2025-05-13,6639.82
TR-0000004,2025-06-01,6639.82,2025-05-31,6639.82
TR-0000004,2025-07-01,6639.82,2025-07-11,6639.82
TR-0000004,2025-08-01,6639.82,2025-08-06,6639.82
TR-0000004,2025-09-01,6639.82,2025-09-05,6639.82
TR-0000004,2025-10-01,6639.82,2025-10-11,6639.82
TR-0000004,2025-11-01,6639.82,2025-10-29,6639.82
TR-0000004,2025-12-01,6639.82,2025-12-04,6639.82
TR-0000004,2026-01-01,6639.82,2026-01-07,6639.82
TR-0000004,2026-02-01,6639.82,2026-02-06,6639.82
TR-0000004,2026-03-01,6639.82,2026-03-09,6639.82
TR-0000004,2026-04-01,6639.82,2026-04-02,6639.82
TR-0000004,2026-05-01,6639.82,2026-05-01,6639.82
TR-0000004,2026-06-01,6639.82,2026-06-06,6639.82
TR-0000004,2026-07-01,6639.82,2026-06-30,6639.82
TR-0000004,2026-08-01,6639.82,2026-07-30,6639.82
TR-0000004,2026-09-01,6639.82,2026-09-08,6639.82
TR-0000004,2026-10-01,6639.82,,
TR-0000005,2024-11-01,4473.41,2024-11-09,4473.41
TR-0000005,2024-12-01,4473.41,2024-12-11,4473.41
TR-0000005,2025-01-01,4473.41,2024-12-29,4473.41
TR-0000005,2025-02-01,4473.41,2025-01-31,4473.41
TR-0000005,2025-03-01,4473.41,2025-03-06,4473.41
TR-0000005,2025-04-01,4473.41,2025-04-11,4473.41
TR-0000005,2025-05-01,4473.41,2025-05-08,4473.41
TR-0000005,2025-06-01,4473.41,2025-06-04,4473.41
TR-0000005,2025-07-01,4473.41,2025-07-07,4473.41
TR-0000005,2025-08-01,4473.41,2025-08-01,4473.41
TR-0000005,2025-09-01,4473.41,2025-09-12,4473.41
TR-0000005,2025-10-01,4473.41,2025-10-11,4473.41
TR-0000005,2025-11-01,4473.41,2025-10-30,4473.41
TR-0000005,2025-12-01,4473.41,2025-11-30,4473.41
TR-0000005,2026-01-01,4473.41,2026-01-06,4473.41
TR-0000005,2026-02-01,4473.41,2026-02-05,4473.41
TR-0000005,2026-03-01,4473.41,2026-03-05,4473.41
TR-0000005,2026-04-01,4473.41,2026-04-01,4473.41
TR-0000005,2026-05-01,4473.41,2026-05-06,4473.41
TR-0000005,2026-06-01,4473.41,2026-06-03,4473.41
TR-0000005,2026-07-01,4473.41,2026-07-05,4473.41
TR-0000005,2026-08-01,4473.41,2026-08-13,4473.41
TR-0000005,2026-09-01,4473.41,2026-09-10,4473.41
TR-0000005,2026-10-01,4473.41,,
TR-0000006,2024-11-01,2307.66,2024-10-29,2307.66
TR-0000006,2024-12-01,2307.66,2024-12-11,2307.66
TR-0000006,2025-01-01,2307.66,2025-01-03,2307.66
TR-0000006,2025-02-01,2307.66,2025-02-09,2307.66
TR-0000006,2025-03-01,2307.66,2025-03-05,2307.66
TR-0000006,2025-04-01,2307.66,2025-03-30,2307.66
TR-0000006,2025-05-01,2307.66,2025-05-10,2307.66
TR-0000006,2025-06-01,2307.66,2025-06-02,2307.66
TR-0000006,2025-07-01,2307.66,2025-07-07,2307.66
TR-0000006,2025-08-01,2307.66,2025-07-31,2307.66
TR-0000006,2025-09-01,2307.66,2025-09-13,2307.66
TR-0000006,2025-10-01,2307.66,2025-10-05,2307.66
TR-0000006,2025-11-01,2307.66,2025-11-03,2307.66
TR-0000006,2025-12-01,2307.66,2025-12-01,2307.66
TR-0000006,2026-01-01,2307.66,2026-01-13,2307.66
TR-0000006,2026-02-01,2307.66,2026-02-03,2307.66
TR-0000006,2026-03-01,2307.66,2026-03-12,2307.66
TR-0000006,2026-04-01,2307.66,2026-03-31,2307.66
TR-0000006,2026-05-01,2307.66,2026-05-08,2307.66
TR-0000006,2026-06-01,2307.66,2026-06-06,2307.66
TR-0000006,2026-07-01,2307.66,2026-07-11,2307.66
TR-0000006,2026-08-01,2307.66,2026-08-08,2307.66
TR-0000006,2026-09-01,2307.66,2026-09-05,2307.66
TR-0000006,2026-10-01,2307.66,,
TR-0000007,2024-11-01,4397.37,2024-11-12,4397.37
TR-0000007,2024-12-01,4397.37,2024-12-03,4397.37
TR-0000007,2025-01-01,4397.37,2025-01-10,4397.37
TR-0000007,2025-02-01,4397.37,2025-01-30,4397.37
TR-0000007,2025-03-01,4397.37,2025-03-10,4397.37
TR-0000007,2025-04-01,4397.37,2025-04-01,4397.37
TR-0000007,2025-05-01,4397.37,2025-05-11,4397.37
TR-0000007,2025-06-01,4397.37,2025-06-08,4397.37
TR-0000007,2025-07-01,4397.37,2025-07-05,4397.37
TR-0000007,2025-08-01,4397.37,2025-08-11,4397.37
TR-0000007,2025-09-01,4397.37,2025-09-12,4397.37
TR-0000007,2025-10-01,4397.37,2025-09-30,4397.37
TR-0000007,2025-11-01,4397.37,2025-11-01,4397.37
TR-0000007,2025-12-01,4397.37,2025-12-12,4397.37
TR-0000007,2026-01-01,4397.37,2026-01-03,4397.37
TR-0000007,2026-02-01,4397.37,2026-01-29,4397.37
TR-0000007,2026-03-01,4397.37,2026-03-03,4397.37
TR-0000007,2026-04-01,4397.37,2026-04-13,4397.37
TR-0000007,2026-05-01,4397.37,2026-05-10,4397.37
TR-0000007,2026-06-01,4397.37,2026-05-31,4397.37
TR-0000007,2026-07-01,4397.37,2026-07-07,4397.37
TR-0000007,2026-08-01,4397.37,2026-08-05,4397.37
TR-0000007,2026-09-01,4397.37,2026-09-05,4397.37
TR-0000007,2026-10-01,4397.37,,
TR-0000008,2024-11-01,1177.15,2024-10-29,1177.15
TR-0000008,2024-12-01,1177.15,2024-12-07,1177.15
TR-0000008,2025-01-01,1177.15,2025-01-12,1177.15
TR-0000008,2025-02-01,1177.15,2025-01-31,1177.15
TR-0000008,2025-03-01,1177.15,2025-03-03,1177.15
TR-0000008,2025-04-01,1177.15,2025-04-04,1177.15
TR-0000008,2025-05-01,1177.15,2025-05-01,1177.15
TR-0000008,2025-06-01,1177.15,2025-06-11,1177.15
TR-0000008,2025-07-01,1177.15,2025-07-02,1177.15
TR-0000008,2025-08-01,1177.15,2025-08-11,1177.15
TR-0000008,2025-09-01,1177.15,2025-09-06,1177.15
TR-0000008,2025-10-01,1177.15,2025-10-09,1177.15
TR-0000008,2025-11-01,1177.15,2025-10-31,1177.15
TR-0000008,2025-12-01,1177.15,2025-12-04,1177.15
TR-0000008,2026-01-01,1177.15,2026-01-09,1177.15
TR-0000008,2026-02-01,1177.15,2026-02-03,1177.15
TR-0000008,2026-03-01,1177.15,2026-03-03,1177.15
TR-0000008,2026-04-01,1177.15,2026-04-09,1177.15
TR-0000008,2026-05-01,1177.15,2026-05-06,1177.15
TR-0000008,2026-06-01,1177.15,2026-06-07,1177.15
TR-0000008,2026-07-01,1177.15,2026-06-29,1177.15
TR-0000008,2026-08-01,1177.15,2026-07-31,1177.15
TR-0000008,2026-09-01,1177.15,2026-09-05,1177.15
TR-0000008,2026-10-01,1177.15,,
TR-0000009,2024-11-01,7027.36,2024-11-12,7027.36
TR-0000009,2024-12-01,7027.36,2024-12-08,7027.36
TR-0000009,2025-01-01,7027.36,2025-01-12,7027.36
TR-0000009,2025-02-01,7027.36,2025-02-01,7027.36
TR-0000009,2025-03-01,7027.36,2025-02-27,7027.36
TR-0000009,2025-04-01,7027.36,2025-04-13,7027.36
TR-0000009,2025-05-01,7027.36,2025-04-30,7027.36
TR-0000009,2025-06-01,7027.36,2025-05-31,7027.36
TR-0000009,2025-07-01,7027.36,2025-07-07,7027.36
TR-0000009,2025-08-01,7027.36,2025-08-02,7027.36
TR-0000009,2025-09-01,7027.36,2025-09-01,7027.36
TR-0000009,2025-10-01,7027.36,2025-10-04,7027.36
TR-0000009,2025-11-01,7027.36,2025-11-09,7027.36
TR-0000009,2025-12-01,7027.36,2025-12-10,7027.36
TR-0000009,2026-01-01,7027.36,2025-12-29,7027.36
TR-0000009,2026-02-01,7027.36,2026-02-07,7027.36
TR-0000009,2026-03-01,7027.36,2026-03-10,7027.36
TR-0000009,2026-04-01,7027.36,2026-04-13,7027.36
TR-0000009,2026-05-01,7027.36,2026-04-29,7027.36
TR-0000009,2026-06-01,7027.36,2026-06-03,7027.36
TR-0000009,2026-07-01,7027.36,2026-07-01,7027.36
TR-0000009,2026-08-01,7027.36,2026-08-04,7027.36
TR-0000009,2026-09-01,7027.36,2026-09-10,7027.36
TR-0000009,2026-10-01,7027.36,,
TR-0000010,2024-11-01,1338.98,2024-11-11,1338.98
TR-0000010,2024-12-01,1338.98,2024-12-01,1338.98
TR-0000010,2025-01-01,1338.98,2024-12-30,1338.98
TR-0000010,2025-02-01,1338.98,2025-02-13,1338.98
TR-0000010,2025-03-01,1338.98,2025-03-09,1338.98
TR-0000010,2025-04-01,1338.98,2025-03-29,1338.98
TR-0000010,2025-05-01,1338.98,2025-05-12,1338.98
TR-0000010,2025-06-01,1338.98,2025-06-01,1338.98
TR-0000010,2025-07-01,1338.98,2025-07-04,1338.98
TR-0000010,2025-08-01,1338.98,2025-08-04,1338.98
TR-0000010,2025-09-01,1338.98,2025-09-09,1338.98
TR-0000010,2025-10-01,1338.98,2025-09-29,1338.98
TR-0000010,2025-11-01,1338.98,2025-10-31,1338.98
TR-0000010,2025-12-01,1338.98,2025-12-07,1338.98
TR-0000010,2026-01-01,1338.98,2026-01-03,1338.98
TR-0000010,2026-02-01,1338.98,2026-02-12,1338.98
TR-0000010,2026-03-01,1338.98,2026-02-28,1338.98
TR-0000010,2026-04-01,1338.98,2026-04-02,1338.98
TR-0000010,2026-05-01,1338.98,2026-05-03,1338.98
TR-0000010,2026-06-01,1338.98,2026-05-29,1338.98
TR-0000010,2026-07-01,1338.98,2026-07-10,1338.98
TR-0000010,2026-08-01,1338.98,2026-08-13,1338.98
TR-0000010,2026-09-01,1338.98,2026-09-10,1338.98
TR-0000010,2026-10-01,1338.98,,
TR-0000011,2024-11-01,1615.51,2024-11-06,1615.51
TR-0000011,2024-12-01,1615.51,2024-12-04,1615.51
TR-0000011,2025-01-01,1615.51,2025-01-04,1615.51
TR-0000011,2025-02-01,1615.51,2025-01-31,1615.51
TR-0000011,2025-03-01,1615.51,2025-03-04,1615.51
TR-0000011,2025-04-01,1615.51,2025-04-12,1615.51
TR-0000011,2025-05-01,1615.51,2025-05-03,1615.51
TR-0000011,2025-06-01,1615.51,2025-06-03,1615.51
TR-0000011,2025-07-01,1615.51,2025-07-04,1615.51
TR-0000011,2025-08-01,1615.51,2025-08-07,1615.51
TR-0000011,2025-09-01,1615.51,2025-09-13,1615.51
TR-0000011,2025-10-01,1615.51,2025-10-12,1615.51
TR-0000011,2025-11-01,1615.51,2025-11-05,1615.51
TR-0000011,2025-12-01,1615.51,2025-12-03,1615.51
TR-0000011,2026-01-01,1615.51,2026-01-02,1615.51
TR-0000011,2026-02-01,1615.51,2026-02-05,1615.51
TR-0000011,2026-03-01,1615.51,2026-03-02,1615.51
TR-0000011,2026-04-01,1615.51,2026-04-08,1615.51
TR-0000011,2026-05-01,1615.51,2026-05-02,1615.51
TR-0000011,2026-06-01,1615.51,2026-06-11,1615.51
TR-0000011,2026-07-01,1615.51,2026-07-06,1615.51
TR-0000011,2026-08-01,1615.51,2026-08-10,1615.51
TR-0000011,2026-09-01,1615.51,2026-09-08,1615.51
TR-0000011,2026-10-01,1615.51,,
TR-0000012,2024-11-01,3347.41,2024-11-08,3347.41
TR-0000012,2024-12-01,3347.41,2024-12-11,3347.41
TR-0000012,2025-01-01,3347.41,2025-01-08,3347.41
TR-0000012,2025-02-01,3347.41,2025-02-05,3347.41
TR-0000012,2025-03-01,3347.41,2025-03-02,3347.41
TR-0000012,2025-04-01,3347.41,2025-04-03,3347.41
TR-0000012,2025-05-01,3347.41,2025-05-03,3347.41
TR-0000012,2025-06-01,3347.41,2025-06-11,3347.41
TR-0000012,2025-07-01,3347.41,2025-07-11,3347.41
TR-0000012,2025-08-01,3347.41,2025-08-12,3347.41
TR-0000012,2025-09-01,3347.41,2025-09-09,3347.41
TR-0000012,2025-10-01,3347.41,2025-10-02,3347.41
TR-0000012,2025-11-01,3347.41,2025-11-11,3347.41
TR-0000012,2025-12-01,3347.41,2025-12-11,3347.41
TR-0000012,2026-01-01,3347.41,2025-12-29,3347.41
TR-0000012,2026-02-01,3347.41,2026-01-30,3347.41
TR-0000012,2026-03-01,3347.41,2026-02-27,3347.41
TR-0000012,2026-04-01,3347.41,2026-04-09,3347.41
TR-0000012,2026-05-01,3347.41,2026-05-01,3347.41
TR-0000012,2026-06-01,3347.41,2026-06-11,3347.41
TR-0000012,2026-07-01,3347.41,2026-07-09,3347.41
TR-0000012,2026-08-01,3347.41,2026-08-13,3347.41
TR-0000012,2026-09-01,3347.41,2026-09-11,3347.41
TR-0000012,2026-10-01,3347.41,,
TR-0000013,2024-11-01,2054.34,2024-11-02,2054.34
TR-0000013,2024-12-01,2054.34,2024-12-12,2054.34
TR-0000013,2025-01-01,2054.34,2025-01-12,2054.34
TR-0000013,2025-02-01,2054.34,2025-01-29,2054.34
TR-0000013,2025-03-01,2054.34,2025-03-03,2054.34
TR-0000013,2025-04-01,2054.34,2025-04-02,2054.34
TR-0000013,2025-05-01,2054.34,2025-05-01,2054.34
TR-0000013,2025-06-01,2054.34,2025-06-13,2054.34
TR-0000013,2025-07-01,2054.34,2025-07-08,2054.34
TR-0000013,2025-08-01,2054.34,2025-08-13,2054.34
TR-0000013,2025-09-01,2054.34,2025-09-01,2054.34
TR-0000013,2025-10-01,2054.34,2025-10-09,2054.34
TR-0000013,2025-11-01,2054.34,2025-11-01,2054.34
TR-0000013,2025-12-01,2054.34,2025-12-08,2054.34
TR-0000013,2026-01-01,2054.34,2026-01-13,2054.34
TR-0000013,2026-02-01,2054.34,2026-02-09,2054.34
TR-0000013,2026-03-01,2054.34,2026-03-13,2054.34
TR-0000013,2026-04-01,2054.34,2026-04-03,2054.34
TR-0000013,2026-05-01,2054.34,2026-05-13,2054.34
TR-0000013,2026-06-01,2054.34,2026-06-13,2054.34
TR-0000013,2026-07-01,2054.34,2026-07-01,2054.34
TR-0000013,2026-08-01,2054.34,2026-08-09,2054.34
TR-0000013,2026-09-01,2054.34,2026-09-06,2054.34
TR-0000013,2026-10-01,2054.34,,
TR-0000014,2024-11-01,2427.35,2024-11-05,2427.35
TR-0000014,2024-12-01,2427.35,2024-11-30,2427.35
TR-0000014,2025-01-01,2427.35,2024-12-31,2427.35
TR-0000014,2025-02-01,2427.35,2025-02-12,2427.35
TR-0000014,2025-03-01,2427.35,2025-03-01,2427.35
TR-0000014,2025-04-01,2427.35,2025-04-12,2427.35
TR-0000014,2025-05-01,2427.35,2025-05-11,2427.35
TR-0000014,2025-06-01,2427.35,2025-06-01,2427.35
TR-0000014,2025-07-01,2427.35,2025-07-12,2427.35
TR-0000014,2025-08-01,2427.35,2025-08-07,2427.35
TR-0000014,2025-09-01,2427.35,2025-09-12,2427.35
TR-0000014,2025-10-01,2427.35,2025-10-11,2427.35
TR-0000014,2025-11-01,2427.35,2025-11-11,2427.35
TR-0000014,2025-12-01,2427.35,2025-12-08,2427.35
TR-0000014,2026-01-01,2427.35,2026-01-05,2427.35
TR-0000014,2026-02-01,2427.35,2026-02-07,2427.35
TR-0000014,2026-03-01,2427.35,2026-03-06,2427.35
TR-0000014,2026-04-01,2427.35,2026-04-03,2427.35
TR-0000014,2026-05-01,2427.35,2026-04-28,2427.35
TR-0000014,2026-06-01,2427.35,2026-06-11,2427.35
TR-0000014,2026-07-01,2427.35,2026-07-10,2427.35
TR-0000014,2026-08-01,2427.35,2026-08-10,2427.35
TR-0000014,2026-09-01,2427.35,2026-09-06,2427.35
TR-0000014,2026-10-01,2427.35,,
TR-0000015,2024-11-01,3203.30,2024-10-31,3203.30
TR-0000015,2024-12-01,3203.30,2024-11-28,3203.30
TR-0000015,2025-01-01,3203.30,2025-01-08,3203.30
TR-0000015,2025-02-01,3203.30,2025-02-07,3203.30
TR-0000015,2025-03-01,3203.30,2025-03-02,3203.30
TR-0000015,2025-04-01,3203.30,2025-04-13,3203.30
TR-0000015,2025-05-01,3203.30,2025-05-06,3203.30
TR-0000015,2025-06-01,3203.30,2025-06-03,3203.30
TR-0000015,2025-07-01,3203.30,2025-07-09,3203.30
TR-0000015,2025-08-01,3203.30,2025-08-08,3203.30
TR-0000015,2025-09-01,3203.30,2025-09-06,3203.30
TR-0000015,2025-10-01,3203.30,2025-10-02,3203.30
TR-0000015,2025-11-01,3203.30,2025-11-11,3203.30
TR-0000015,2025-12-01,3203.30,2025-11-28,3203.30
TR-0000015,2026-01-01,3203.30,2026-01-03,3203.30
TR-0000015,2026-02-01,3203.30,2026-02-03,3203.30
TR-0000015,2026-03-01,3203.30,2026-02-27,3203.30
TR-0000015,2026-04-01,3203.30,2026-04-08,3203.30
TR-0000015,2026-05-01,3203.30,2026-05-12,3203.30
TR-0000015,2026-06-01,3203.30,2026-06-10,3203.30
TR-0000015,2026-07-01,3203.30,2026-07-06,3203.30
TR-0000015,2026-08-01,3203.30,2026-08-01,3203.30
TR-0000015,2026-09-01,3203.30,2026-09-04,3203.30
TR-0000015,2026-10-01,3203.30,,
TR-0000016,2024-11-01,6200.20,2024-11-06,6200.20
TR-0000016,2024-12-01,6200.20,2024-12-10,6200.20
TR-0000016,2025-01-01,6200.20,2025-01-05,6200.20
TR-0000016,2025-02-01,6200.20,2025-02-01,6200.20
TR-0000016,2025-03-01,6200.20,2025-03-01,6200.20
TR-0000016,2025-04-01,6200.20,2025-04-09,6200.20
TR-0000016,2025-05-01,6200.20,2025-05-10,6200.20
TR-0000016,2025-06-01,6200.20,2025-06-11,6200.20
TR-0000016,2025-07-01,6200.20,2025-07-02,6200.20
TR-0000016,2025-08-01,6200.20,2025-08-04,6200.20
TR-0000016,2025-09-01,6200.20,2025-09-13,6200.20
TR-0000016,2025-10-01,6200.20,2025-10-01,6200.20
TR-0000016,2025-11-01,6200.20,2025-11-11,6200.20
TR-0000016,2025-12-01,6200.20,2025-12-02,6200.20
TR-0000016,2026-01-01,6200.20,2026-01-04,6200.20
TR-0000016,2026-02-01,6200.20,2026-02-04,6200.20
TR-0000016,2026-03-01,6200.20,2026-03-04,6200.20
TR-0000016,2026-04-01,6200.20,2026-04-07,6200.20
TR-0000016,2026-05-01,6200.20,2026-05-10,6200.20
TR-0000016,2026-06-01,6200.20,2026-06-06,6200.20
TR-0000016,2026-07-01,6200.20,2026-07-10,6200.20
TR-0000016,2026-08-01,6200.20,2026-08-08,6200.20
TR-0000016,2026-09-01,6200.20,2026-09-07,6200.20
TR-0000016,2026-10-01,6200.20,,
TR-0000017,2024-11-01,1570.91,2024-10-30,1570.91
TR-0000017,2024-12-01,1570.91,2024-12-09,1570.91
TR-0000017,2025-01-01,1570.91,2025-01-10,1570.91
TR-0000017,2025-02-01,1570.91,2025-02-02,1570.91
TR-0000017,2025-03-01,1570.91,2025-03-03,1570.91
TR-0000017,2025-04-01,1570.91,2025-04-11,1570.91
TR-0000017,2025-05-01,1570.91,2025-05-03,1570.91
TR-0000017,2025-06-01,1570.91,2025-06-12,1570.91
TR-0000017,2025-07-01,1570.91,2025-07-13,1570.91
TR-0000017,2025-08-01,1570.91,2025-08-12,1570.91
TR-0000017,2025-09-01,1570.91,2025-09-06,1570.91
TR-0000017,2025-10-01,1570.91,2025-10-05,1570.91
TR-0000017,2025-11-01,1570.91,2025-11-02,1570.91
TR-0000017,2025-12-01,1570.91,2025-11-30,1570.91
TR-0000017,2026-01-01,1570.91,2026-01-06,1570.91
TR-0000017,2026-02-01,1570.91,2026-01-30,1570.91
TR-0000017,2026-03-01,1570.91,2026-02-28,1570.91
TR-0000017,2026-04-01,1570.91,2026-04-08,1570.91
TR-0000017,2026-05-01,1570.91,2026-05-06,1570.91
TR-0000017,2026-06-01,1570.91,2026-06-07,1570.91
TR-0000017,2026-07-01,1570.91,2026-07-02,1570.91
TR-0000017,2026-08-01,1570.91,2026-08-08,1570.91
TR-0000017,2026-09-01,1570.91,2026-09-03,1570.91
TR-0000017,2026-10-01,1570.91,,
TR-0000018,2024-11-01,3042.21,2024-11-06,3042.21
TR-0000018,2024-12-01,3042.21,2024-12-01,3042.21
TR-0000018,2025-01-01,3042.21,2025-01-13,3042.21
TR-0000018,2025-02-01,3042.21,2025-02-05,3042.21
TR-0000018,2025-03-01,3042.21,2025-03-06,3042.21
TR-0000018,2025-04-01,3042.21,2025-04-07,3042.21
TR-0000018,2025-05-01,3042.21,2025-04-30,3042.21
TR-0000018,2025-06-01,3042.21,2025-06-05,3042.21
TR-0000018,2025-07-01,3042.21,2025-07-04,3042.21
TR-0000018,2025-08-01,3042.21,2025-08-09,3042.21
TR-0000018,2025-09-01,3042.21,2025-08-30,3042.21
TR-0000018,2025-10-01,3042.21,2025-10-09,3042.21
TR-0000018,2025-11-01,3042.21,2025-11-06,3042.21
TR-0000018,2025-12-01,3042.21,2025-12-12,3042.21
TR-0000018,2026-01-01,3042.21,2026-01-07,3042.21
TR-0000018,2026-02-01,3042.21,2026-01-31,3042.21
TR-0000018,2026-03-01,3042.21,2026-03-09,3042.21
TR-0000018,2026-04-01,3042.21,2026-04-11,3042.21
TR-0000018,2026-05-01,3042.21,2026-05-09,3042.21
TR-0000018,2026-06-01,3042.21,2026-06-07,3042.21
TR-0000018,2026-07-01,3042.21,2026-07-03,3042.21
TR-0000018,2026-08-01,3042.21,2026-08-02,3042.21
TR-0000018,2026-09-01,3042.21,2026-09-02,3042.21
TR-0000018,2026-10-01,3042.21,,
TR-0000019,2024-11-01,1995.46,2024-11-02,1995.46
TR-0000019,2024-12-01,1995.46,2024-12-08,1995.46
TR-0000019,2025-01-01,1995.46,2025-01-05,1995.46
TR-0000019,2025-02-01,1995.46,2025-02-11,1995.46
TR-0000019,2025-03-01,1995.46,2025-03-03,1995.46
TR-0000019,2025-04-01,1995.46,2025-04-09,1995.46
TR-0000019,2025-05-01,1995.46,2025-04-28,1995.46
TR-0000019,2025-06-01,1995.46,2025-06-02,1995.46
TR-0000019,2025-07-01,1995.46,2025-07-08,1995.46
TR-0000019,2025-08-01,1995.46,2025-08-12,1995.46
TR-0000019,2025-09-01,1995.46,2025-09-01,1995.46
TR-0000019,2025-10-01,1995.46,2025-10-08,1995.46
TR-0000019,2025-11-01,1995.46,2025-11-08,1995.46
TR-0000019,2025-12-01,1995.46,2025-12-02,1995.46
TR-0000019,2026-01-01,1995.46,2026-01-01,1995.46
TR-0000019,2026-02-01,1995.46,2026-02-11,1995.46
TR-0000019,2026-03-01,1995.46,2026-03-13,1995.46
TR-0000019,2026-04-01,1995.46,2026-04-07,1995.46
TR-0000019,2026-05-01,1995.46,2026-04-28,1995.46
TR-0000019,2026-06-01,1995.46,2026-06-01,1995.46
TR-0000019,2026-07-01,1995.46,2026-06-29,1995.46
TR-0000019,2026-08-01,1995.46,2026-08-05,1995.46
TR-0000019,2026-09-01,1995.46,2026-09-01,1995.46
TR-0000019,2026-10-01,1995.46,,
TR-0000020,2024-11-01,4456.95,2024-11-11,4456.95
TR-0000020,2024-12-01,4456.95,2024-12-08,4456.95
TR-0000020,2025-01-01,4456.95,2025-01-06,4456.95
TR-0000020,2025-02-01,4456.95,2025-02-02,4456.95
TR-0000020,2025-03-01,4456.95,2025-03-01,4456.95
TR-0000020,2025-04-01,4456.95,2025-04-11,4456.95
TR-0000020,2025-05-01,4456.95,2025-04-30,4456.95
TR-0000020,2025-06-01,4456.95,2025-06-13,4456.95
TR-0000020,2025-07-01,4456.95,2025-07-01,4456.95
TR-0000020,2025-08-01,4456.95,2025-08-06,4456.95
TR-0000020,2025-09-01,4456.95,2025-09-13,4456.95
TR-0000020,2025-10-01,4456.95,2025-10-07,4456.95
TR-0000020,2025-11-01,4456.95,2025-11-02,4456.95
TR-0000020,2025-12-01,4456.95,2025-12-02,4456.95
TR-0000020,2026-01-01,4456.95,2025-12-29,4456.95
TR-0000020,2026-02-01,4456.95,2026-02-13,4456.95
TR-0000020,2026-03-01,4456.95,2026-03-08,4456.95
TR-0000020,2026-04-01,4456.95,2026-03-29,4456.95
TR-0000020,2026-05-01,4456.95,2026-05-08,4456.95
TR-0000020,2026-06-01,4456.95,2026-06-01,4456.95
TR-0000020,2026-07-01,4456.95,2026-07-09,4456.95
TR-0000020,2026-08-01,4456.95,2026-08-09,4456.95
TR-0000020,2026-09-01,4456.95,,
TR-0000020,2026-10-01,4456.95,,
TR-0000021,2024-11-01,1161.53,2024-11-05,1161.53
TR-0000021,2024-12-01,1161.53,2024-12-10,1161.53
TR-0000021,2025-01-01,1161.53,2025-01-02,1161.53
TR-0000021,2025-02-01,1161.53,2025-02-03,1161.53
TR-0000021,2025-03-01,1161.53,2025-03-12,1161.53
TR-0000021,2025-04-01,1161.53,2025-04-09,1161.53
TR-0000021,2025-05-01,1161.53,2025-04-30,1161.53
TR-0000021,2025-06-01,1161.53,2025-06-01,1161.53
TR-0000021,2025-07-01,1161.53,2025-07-01,1161.53
TR-0000021,2025-08-01,1161.53,2025-08-03,1161.53
TR-0000021,2025-09-01,1161.53,2025-09-12,1161.53
TR-0000021,2025-10-01,1161.53,2025-09-29,1161.53
TR-0000021,2025-11-01,1161.53,2025-11-08,1161.53
TR-0000021,2025-12-01,1161.53,2025-12-04,1161.53
TR-0000021,2026-01-01,1161.53,2026-01-07,1161.53
TR-0000021,2026-02-01,1161.53,2026-02-07,1161.53
TR-0000021,2026-03-01,1161.53,2026-03-10,1161.53
TR-0000021,2026-04-01,1161.53,2026-04-04,1161.53
TR-0000021,2026-05-01,1161.53,2026-05-13,1161.53
TR-0000021,2026-06-01,1161.53,2026-06-05,1161.53
TR-0000021,2026-07-01,1161.53,2026-07-05,1161.53
TR-0000021,2026-08-01,1161.53,2026-07-31,1161.53
TR-0000021,2026-09-01,1161.53,2026-08-29,1161.53
TR-0000021,2026-10-01,1161.53,,
TR-0000022,2024-11-01,3800.94,2024-11-08,3800.94
TR-0000022,2024-12-01,3800.94,2024-12-11,3800.94
TR-0000022,2025-01-01,3800.94,2025-01-07,3800.94
TR-0000022,2025-02-01,3800.94,2025-02-10,3800.94
TR-0000022,2025-03-01,3800.94,2025-03-05,3800.94
TR-0000022,2025-04-01,3800.94,2025-04-13,3800.94
TR-0000022,2025-05-01,3800.94,2025-04-29,3800.94
TR-0000022,2025-06-01,3800.94,2025-05-30,3800.94
TR-0000022,2025-07-01,3800.94,2025-07-10,3800.94
TR-0000022,2025-08-01,3800.94,2025-08-02,3800.94
TR-0000022,2025-09-01,3800.94,2025-09-11,3800.94
TR-0000022,2025-10-01,3800.94,2025-09-29,3800.94
TR-0000022,2025-11-01,3800.94,2025-11-13,3800.94
TR-0000022,2025-12-01,3800.94,2025-11-30,3800.94
TR-0000022,2026-01-01,3800.94,2025-12-29,3800.94
TR-0000022,2026-02-01,3800.94,2026-02-03,3800.94
TR-0000022,2026-03-01,3800.94,2026-03-12,3800.94
TR-0000022,2026-04-01,3800.94,2026-03-31,3800.94
TR-0000022,2026-05-01,3800.94,2026-05-02,3800.94
TR-0000022,2026-06-01,3800.94,2026-05-31,3800.94
TR-0000022,2026-07-01,3800.94,2026-07-13,3800.94
TR-0000022,2026-08-01,3800.94,,
TR-0000022,2026-09-01,3800.94,,
TR-0000022,2026-10-01,3800.94,,
TR-0000023,2024-11-01,2264.32,2024-11-05,2264.32
TR-0000023,2024-12-01,2264.32,2024-12-05,2264.32
TR-0000023,2025-01-01,2264.32,2025-01-03,2264.32
TR-0000023,2025-02-01,2264.32,2025-02-11,2264.32
TR-0000023,2025-03-01,2264.32,2025-03-09,2264.32
TR-0000023,2025-04-01,2264.32,2025-03-30,2264.32
TR-0000023,2025-05-01,2264.32,2025-05-09,2264.32
TR-0000023,2025-06-01,2264.32,2025-06-06,2264.32
TR-0000023,2025-07-01,2264.32,2025-06-30,2264.32
TR-0000023,2025-08-01,2264.32,2025-08-02,2264.32
TR-0000023,2025-09-01,2264.32,2025-08-31,2264.32
TR-0000023,2025-10-01,2264.32,2025-10-13,2264.32
TR-0000023,2025-11-01,2264.32,2025-10-31,2264.32
TR-0000023,2025-12-01,2264.32,2025-12-04,2264.32
TR-0000023,2026-01-01,2264.32,2025-12-30,2264.32
TR-0000023,2026-02-01,2264.32,2026-02-12,2264.32
TR-0000023,2026-03-01,2264.32,2026-03-04,2264.32
TR-0000023,2026-04-01,2264.32,2026-04-13,2264.32
TR-0000023,2026-05-01,2264.32,2026-05-10,2264.32
TR-0000023,2026-06-01,2264.32,2026-06-08,2264.32
TR-0000023,2026-07-01,2264.32,2026-07-08,2264.32
TR-0000023,2026-08-01,2264.32,2026-08-09,2264.32
TR-0000023,2026-09-01,2264.32,2026-09-05,2264.32
TR-0000023,2026-10-01,2264.32,,
TR-0000024,2024-11-01,1821.79,2024-11-08,1821.79
TR-0000024,2024-12-01,1821.79,2024-12-04,1821.79
TR-0000024,2025-01-01,1821.79,2025-01-12,1821.79
TR-0000024,2025-02-01,1821.79,2025-01-29,1821.79
TR-0000024,2025-03-01,1821.79,2025-03-07,1821.79
TR-0000024,2025-04-01,1821.79,2025-04-09,1821.79
TR-0000024,2025-05-01,1821.79,2025-04-28,1821.79
TR-0000024,2025-06-01,1821.79,2025-06-13,1821.79
TR-0000024,2025-07-01,1821.79,2025-07-10,1821.79
TR-0000024,2025-08-01,1821.79,2025-08-05,1821.79
TR-0000024,2025-09-01,1821.79,2025-08-29,1821.79
TR-0000024,2025-10-01,1821.79,2025-10-06,1821.79
TR-0000024,2025-11-01,1821.79,2025-11-13,1821.79
TR-0000024,2025-12-01,1821.79,2025-12-06,1821.79
TR-0000024,2026-01-01,1821.79,2026-01-06,1821.79
TR-0000024,2026-02-01,1821.79,2026-02-01,1821.79
TR-0000024,2026-03-01,1821.79,2026-02-28,1821.79
TR-0000024,2026-04-01,1821.79,2026-04-05,1821.79
TR-0000024,2026-05-01,1821.79,2026-05-12,1821.79
TR-0000024,2026-06-01,1821.79,2026-06-06,1821.79
TR-0000024,2026-07-01,1821.79,2026-07-05,1821.79
TR-0000024,2026-08-01,1821.79,2026-08-06,1821.79
TR-0000024,2026-09-01,1821.79,2026-09-10,1821.79
TR-0000024,2026-10-01,1821.79,,
TR-0000025,2024-11-01,3118.72,2024-11-04,3118.72
TR-0000025,2024-12-01,3118.72,2024-12-02,3118.72
TR-0000025,2025-01-01,3118.72,2025-01-02,3118.72
TR-0000025,2025-02-01,3118.72,2025-02-09,3118.72
TR-0000025,2025-03-01,3118.72,2025-02-26,3118.72
TR-0000025,2025-04-01,3118.72,2025-04-12,3118.72
TR-0000025,2025-05-01,3118.72,2025-05-09,3118.72
TR-0000025,2025-06-01,3118.72,2025-05-29,3118.72
TR-0000025,2025-07-01,3118.72,2025-07-02,3118.72
TR-0000025,2025-08-01,3118.72,2025-08-04,3118.72
TR-0000025,2025-09-01,3118.72,2025-09-03,3118.72
TR-0000025,2025-10-01,3118.72,2025-10-13,3118.72
TR-0000025,2025-11-01,3118.72,2025-11-01,3118.72
TR-0000025,2025-12-01,3118.72,2025-12-13,3118.72
TR-0000025,2026-01-01,3118.72,2026-01-04,3118.72
TR-0000025,2026-02-01,3118.72,2026-02-07,3118.72
TR-0000025,2026-03-01,3118.72,2026-03-07,3118.72
TR-0000025,2026-04-01,3118.72,2026-04-08,3118.72
TR-0000025,2026-05-01,3118.72,2026-05-11,3118.72
TR-0000025,2026-06-01,3118.72,2026-06-08,3118.72
TR-0000025,2026-07-01,3118.72,2026-07-09,3118.72
TR-0000025,2026-08-01,3118.72,2026-08-02,3118.72
TR-0000025,2026-09-01,3118.72,2026-09-04,3118.72
TR-0000025,2026-10-01,3118.72,,
TR-0000026,2024-11-01,4824.24,2024-11-09,4824.24
TR-0000026,2024-12-01,4824.24,2024-12-09,4824.24
TR-0000026,2025-01-01,4824.24,2025-01-03,4824.24
TR-0000026,2025-02-01,4824.24,2025-02-08,4824.24
TR-0000026,2025-03-01,4824.24,2025-03-04,4824.24
TR-0000026,2025-04-01,4824.24,2025-04-02,4824.24
TR-0000026,2025-05-01,4824.24,2025-04-30,4824.24
TR-0000026,2025-06-01,4824.24,2025-06-02,4824.24
TR-0000026,2025-07-01,4824.24,2025-07-01,4824.24
TR-0000026,2025-08-01,4824.24,2025-08-03,4824.24
TR-0000026,2025-09-01,4824.24,2025-09-03,4824.24
TR-0000026,2025-10-01,4824.24,2025-10-06,4824.24
TR-0000026,2025-11-01,4824.24,2025-11-11,4824.24
TR-0000026,2025-12-01,4824.24,2025-12-09,4824.24
TR-0000026,2026-01-01,4824.24,2026-01-03,4824.24
TR-0000026,2026-02-01,4824.24,2026-02-10,4824.24
TR-0000026,2026-03-01,4824.24,2026-03-07,4824.24
TR-0000026,2026-04-01,4824.24,2026-04-09,4824.24
TR-0000026,2026-05-01,4824.24,2026-05-07,4824.24
TR-0000026,2026-06-01,4824.24,2026-06-07,4824.24
TR-0000026,2026-07-01,4824.24,2026-07-04,4824.24
TR-0000026,2026-08-01,4824.24,2026-08-11,4824.24
TR-0000026,2026-09-01,4824.24,2026-09-11,4824.24
TR-0000026,2026-10-01,4824.24,,
TR-0000027,2024-11-01,6254.33,2024-11-08,6254.33
TR-0000027,2024-12-01,6254.33,2024-12-04,6254.33
TR-0000027,2025-01-01,6254.33,2025-01-04,6254.33
TR-0000027,2025-02-01,6254.33,2025-02-09,6254.33
TR-0000027,2025-03-01,6254.33,2025-03-13,6254.33
TR-0000027,2025-04-01,6254.33,2025-04-07,6254.33
TR-0000027,2025-05-01,6254.33,2025-05-01,6254.33
TR-0000027,2025-06-01,6254.33,2025-06-09,6254.33
TR-0000027,2025-07-01,6254.33,2025-07-11,6254.33
TR-0000027,2025-08-01,6254.33,2025-08-03,6254.33
TR-0000027,2025-09-01,6254.33,2025-08-31,6254.33
TR-0000027,2025-10-01,6254.33,2025-10-06,6254.33
TR-0000027,2025-11-01,6254.33,2025-11-08,6254.33
TR-0000027,2025-12-01,6254.33,2025-12-07,6254.33
TR-0000027,2026-01-01,6254.33,2026-01-06,6254.33
TR-0000027,2026-02-01,6254.33,2026-02-08,6254.33
TR-0000027,2026-03-01,6254.33,2026-03-02,6254.33
TR-0000027,2026-04-01,6254.33,2026-04-05,6254.33
TR-0000027,2026-05-01,6254.33,2026-05-08,6254.33
TR-0000027,2026-06-01,6254.33,2026-06-13,6254.33
TR-0000027,2026-07-01,6254.33,2026-07-12,6254.33
TR-0000027,2026-08-01,6254.33,2026-08-04,6254.33
TR-0000027,2026-09-01,6254.33,2026-08-31,6254.33
TR-0000027,2026-10-01,6254.33,,
TR-0000028,2024-11-01,1360.60,2024-11-03,1360.60
TR-0000028,2024-12-01,1360.60,2024-12-09,1360.60
TR-0000028,2025-01-01,1360.60,2025-01-11,1360.60
TR-0000028,2025-02-01,1360.60,2025-02-10,1360.60
TR-0000028,2025-03-01,1360.60,2025-03-02,1360.60
TR-0000028,2025-04-01,1360.60,2025-04-12,1360.60
TR-0000028,2025-05-01,1360.60,2025-04-29,1360.60
TR-0000028,2025-06-01,1360.60,2025-05-31,1360.60
TR-0000028,2025-07-01,1360.60,2025-06-29,1360.60
TR-0000028,2025-08-01,1360.60,2025-08-07,1360.60
TR-0000028,2025-09-01,1360.60,2025-09-09,1360.60
TR-0000028,2025-10-01,1360.60,2025-10-06,1360.60
TR-0000028,2025-11-01,1360.60,2025-11-08,1360.60
TR-0000028,2025-12-01,1360.60,2025-12-06,1360.60
TR-0000028,2026-01-01,1360.60,2026-01-12,1360.60
TR-0000028,2026-02-01,1360.60,2026-02-09,1360.60
TR-0000028,2026-03-01,1360.60,2026-03-10,1360.60
TR-0000028,2026-04-01,1360.60,2026-04-04,1360.60
TR-0000028,2026-05-01,1360.60,2026-05-05,1360.60
TR-0000028,2026-06-01,1360.60,2026-06-06,1360.60
TR-0000028,2026-07-01,1360.60,2026-07-01,1360.60
TR-0000028,2026-08-01,1360.60,2026-08-10,1360.60
TR-0000028,2026-09-01,1360.60,2026-09-05,1360.60
TR-0000028,2026-10-01,1360.60,,
TR-0000029,2024-11-01,2540.72,2024-10-30,2540.72
TR-0000029,2024-12-01,2540.72,2024-12-13,2540.72
TR-0000029,2025-01-01,2540.72,2025-01-11,2540.72
TR-0000029,2025-02-01,2540.72,2025-02-07,2540.72
TR-0000029,2025-03-01,2540.72,2025-03-08,2540.72
TR-0000029,2025-04-01,2540.72,2025-03-30,2540.72
TR-0000029,2025-05-01,2540.72,2025-05-10,2540.72
TR-0000029,2025-06-01,2540.72,2025-05-30,2540.72
TR-0000029,2025-07-01,2540.72,2025-07-04,2540.72
TR-0000029,2025-08-01,2540.72,2025-08-05,2540.72
TR-0000029,2025-09-01,2540.72,2025-09-06,2540.72
TR-0000029,2025-10-01,2540.72,2025-10-09,2540.72
TR-0000029,2025-11-01,2540.72,2025-11-03,2540.72
TR-0000029,2025-12-01,2540.72,2025-12-02,2540.72
TR-0000029,2026-01-01,2540.72,2026-01-13,2540.72
TR-0000029,2026-02-01,2540.72,2026-01-31,2540.72
TR-0000029,2026-03-01,2540.72,2026-02-27,2540.72
TR-0000029,2026-04-01,2540.72,2026-04-11,2540.72
TR-0000029,2026-05-01,2540.72,2026-05-02,2540.72
TR-0000029,2026-06-01,2540.72,2026-05-31,2540.72
TR-0000029,2026-07-01,2540.72,2026-07-06,2540.72
TR-0000029,2026-08-01,2540.72,2026-08-07,2540.72
TR-0000029,2026-09-01,2540.72,2026-09-12,2540.72
TR-0000029,2026-10-01,2540.72,,
TR-0000030,2024-11-01,2614.69,2024-11-04,2614.69
TR-0000030,2024-12-01,2614.69,2024-12-10,2614.69
TR-0000030,2025-01-01,2614.69,2025-01-12,2614.69
TR-0000030,2025-02-01,2614.69,2025-02-11,2614.69
TR-0000030,2025-03-01,2614.69,2025-03-09,2614.69
TR-0000030,2025-04-01,2614.69,2025-04-03,2614.69
TR-0000030,2025-05-01,2614.69,2025-05-08,2614.69
TR-0000030,2025-06-01,2614.69,2025-06-13,2614.69
TR-0000030,2025-07-01,2614.69,2025-07-12,2614.69
TR-0000030,2025-08-01,2614.69,2025-08-12,2614.69
TR-0000030,2025-09-01,2614.69,2025-09-01,2614.69
TR-0000030,2025-10-01,2614.69,2025-10-10,2614.69
TR-0000030,2025-11-01,2614.69,2025-10-29,2614.69
TR-0000030,2025-12-01,2614.69,2025-12-13,2614.69
TR-0000030,2026-01-01,2614.69,2025-12-29,2614.69
TR-0000030,2026-02-01,2614.69,2026-01-31,2614.69
TR-0000030,2026-03-01,2614.69,2026-03-08,2614.69
TR-0000030,2026-04-01,2614.69,2026-04-10,2614.69
TR-0000030,2026-05-01,2614.69,2026-05-08,2614.69
TR-0000030,2026-06-01,2614.69,2026-06-03,2614.69
TR-0000030,2026-07-01,2614.69,2026-07-08,2614.69
TR-0000030,2026-08-01,2614.69,2026-08-03,2614.69
TR-0000030,2026-09-01,2614.69,2026-09-01,2614.69
TR-0000030,2026-10-01,2614.69,,
TR-0000031,2024-11-01,3663.71,2024-11-08,3663.71
TR-0000031,2024-12-01,3663.71,2024-12-05,3663.71
TR-0000031,2025-01-01,3663.71,2025-01-10,3663.71
TR-0000031,2025-02-01,3663.71,2025-02-05,3663.71
TR-0000031,2025-03-01,3663.71,2025-03-06,3663.71
TR-0000031,2025-04-01,3663.71,2025-04-04,3663.71
TR-0000031,2025-05-01,3663.71,2025-05-03,3663.71
TR-0000031,2025-06-01,3663.71,2025-06-11,3663.71
TR-0000031,2025-07-01,3663.71,2025-07-01,3663.71
TR-0000031,2025-08-01,3663.71,2025-08-11,3663.71
TR-0000031,2025-09-01,3663.71,2025-09-03,3663.71
TR-0000031,2025-10-01,3663.71,2025-10-09,3663.71
TR-0000031,2025-11-01,3663.71,2025-11-07,3663.71
TR-0000031,2025-12-01,3663.71,2025-12-12,3663.71
TR-0000031,2026-01-01,3663.71,2026-01-03,3663.71
TR-0000031,2026-02-01,3663.71,2026-02-13,3663.71
TR-0000031,2026-03-01,3663.71,2026-03-01,3663.71
TR-0000031,2026-04-01,3663.71,2026-04-08,3663.71
TR-0000031,2026-05-01,3663.71,2026-04-29,3663.71
TR-0000031,2026-06-01,3663.71,2026-06-07,3663.71
TR-0000031,2026-07-01,3663.71,2026-07-12,3663.71
TR-0000031,2026-08-01,3663.71,2026-08-09,3663.71
TR-0000031,2026-09-01,3663.71,,
TR-0000031,2026-10-01,3663.71,,
TR-0000032,2024-11-01,3360.38,2024-10-30,3360.38
TR-0000032,2024-12-01,3360.38,2024-11-29,3360.38
TR-0000032,2025-01-01,3360.38,2024-12-29,3360.38
TR-0000032,2025-02-01,3360.38,2025-01-29,3360.38
TR-0000032,2025-03-01,3360.38,2025-03-02,3360.38
TR-0000032,2025-04-01,3360.38,2025-04-09,3360.38
TR-0000032,2025-05-01,3360.38,2025-05-01,3360.38
TR-0000032,2025-06-01,3360.38,2025-05-31,3360.38
TR-0000032,2025-07-01,3360.38,2025-06-30,3360.38
TR-0000032,2025-08-01,3360.38,2025-07-31,3360.38
TR-0000032,2025-09-01,3360.38,2025-09-12,3360.38
TR-0000032,2025-10-01,3360.38,2025-10-10,3360.38
TR-0000032,2025-11-01,3360.38,2025-10-31,3360.38
TR-0000032,2025-12-01,3360.38,2025-12-01,3360.38
TR-0000032,2026-01-01,3360.38,2025-12-29,3360.38
TR-0000032,2026-02-01,3360.38,2026-02-06,3360.38
TR-0000032,2026-03-01,3360.38,2026-03-12,3360.38
TR-0000032,2026-04-01,3360.38,2026-03-31,3360.38
TR-0000032,2026-05-01,3360.38,2026-05-12,3360.38
TR-0000032,2026-06-01,3360.38,2026-06-04,3360.38
TR-0000032,2026-07-01,3360.38,2026-07-10,3360.38
TR-0000032,2026-08-01,3360.38,2026-08-03,3360.38
TR-0000032,2026-09-01,3360.38,2026-09-09,3360.38
TR-0000032,2026-10-01,3360.38,,
TR-0000033,2024-11-01,1734.03,2024-11-03,1734.03
TR-0000033,2024-12-01,1734.03,2024-12-11,1734.03
TR-0000033,2025-01-01,1734.03,2025-01-05,1734.03
TR-0000033,2025-02-01,1734.03,2025-02-06,1734.03
TR-0000033,2025-03-01,1734.03,2025-03-03,1734.03
TR-0000033,2025-04-01,1734.03,2025-04-05,1734.03
TR-0000033,2025-05-01,1734.03,2025-05-05,1734.03
TR-0000033,2025-06-01,1734.03,2025-06-04,1734.03
TR-0000033,2025-07-01,1734.03,2025-07-08,1734.03
TR-0000033,2025-08-01,1734.03,2025-08-10,1734.03
TR-0000033,2025-09-01,1734.03,2025-08-30,1734.03
TR-0000033,2025-10-01,1734.03,2025-10-05,1734.03
TR-0000033,2025-11-01,1734.03,2025-11-02,1734.03
TR-0000033,2025-12-01,1734.03,2025-12-09,1734.03
TR-0000033,2026-01-01,1734.03,2026-01-13,1734.03
TR-0000033,2026-02-01,1734.03,2026-01-31,1734.03
TR-0000033,2026-03-01,1734.03,2026-03-13,1734.03
TR-0000033,2026-04-01,1734.03,2026-04-13,1734.03
TR-0000033,2026-05-01,1734.03,2026-05-06,1734.03
TR-0000033,2026-06-01,1734.03,2026-06-01,1734.03
TR-0000033,2026-07-01,1734.03,2026-07-01,1734.03
TR-0000033,2026-08-01,1734.03,2026-08-01,1734.03
TR-0000033,2026-09-01,1734.03,2026-09-06,1734.03
TR-0000033,2026-10-01,1734.03,,
TR-0000034,2024-11-01,3590.19,2024-10-30,3590.19
TR-0000034,2024-12-01,3590.19,2024-11-28,3590.19
TR-0000034,2025-01-01,3590.19,2025-01-07,3590.19
TR-0000034,2025-02-01,3590.19,2025-01-30,3590.19
TR-0000034,2025-03-01,3590.19,2025-02-27,3590.19
TR-0000034,2025-04-01,3590.19,2025-04-12,3590.19
TR-0000034,2025-05-01,3590.19,2025-05-01,3590.19
TR-0000034,2025-06-01,3590.19,2025-06-08,3590.19
TR-0000034,2025-07-01,3590.19,2025-07-06,3590.19
TR-0000034,2025-08-01,3590.19,2025-07-30,3590.19
TR-0000034,2025-09-01,3590.19,2025-09-08,3590.19
TR-0000034,2025-10-01,3590.19,2025-10-03,3590.19
TR-0000034,2025-11-01,3590.19,2025-11-09,3590.19
TR-0000034,2025-12-01,3590.19,2025-12-06,3590.19
TR-0000034,2026-01-01,3590.19,2026-01-04,3590.19
TR-0000034,2026-02-01,3590.19,2026-02-07,3590.19
TR-0000034,2026-03-01,3590.19,2026-03-01,3590.19
TR-0000034,2026-04-01,3590.19,2026-04-05,3590.19
TR-0000034,2026-05-01,3590.19,2026-05-04,3590.19
TR-0000034,2026-06-01,3590.19,2026-06-03,3590.19
TR-0000034,2026-07-01,3590.19,2026-07-06,3590.19
TR-0000034,2026-08-01,3590.19,2026-08-02,3590.19
TR-0000034,2026-09-01,3590.19,2026-09-01,3590.19
TR-0000034,2026-10-01,3590.19,,
TR-0000035,2024-11-01,5090.10,2024-11-08,5090.10
TR-0000035,2024-12-01,5090.10,2024-12-11,5090.10
TR-0000035,2025-01-01,5090.10,2024-12-30,5090.10
TR-0000035,2025-02-01,5090.10,2025-02-12,5090.10
TR-0000035,2025-03-01,5090.10,2025-03-05,5090.10
TR-0000035,2025-04-01,5090.10,2025-03-31,5090.10
TR-0000035,2025-05-01,5090.10,2025-05-02,5090.10
TR-0000035,2025-06-01,5090.10,2025-06-05,5090.10
TR-0000035,2025-07-01,5090.10,2025-06-28,5090.10
TR-0000035,2025-08-01,5090.10,2025-08-01,5090.10
TR-0000035,2025-09-01,5090.10,2025-09-13,5090.10
TR-0000035,2025-10-01,5090.10,2025-10-09,5090.10
TR-0000035,2025-11-01,5090.10,2025-10-31,5090.10
TR-0000035,2025-12-01,5090.10,2025-12-09,5090.10
TR-0000035,2026-01-01,5090.10,2026-01-13,5090.10
TR-0000035,2026-02-01,5090.10,2026-01-31,5090.10
TR-0000035,2026-03-01,5090.10,2026-02-28,5090.10
TR-0000035,2026-04-01,5090.10,2026-03-31,5090.10
TR-0000035,2026-05-01,5090.10,2026-05-07,5090.10
TR-0000035,2026-06-01,5090.10,2026-06-09,5090.10
TR-0000035,2026-07-01,5090.10,2026-07-07,5090.10
TR-0000035,2026-08-01,5090.10,2026-07-30,5090.10
TR-0000035,2026-09-01,5090.10,2026-09-06,5090.10
TR-0000035,2026-10-01,5090.10,,
TR-0000036,2024-11-01,1111.65,2024-11-04,1111.65
TR-0000036,2024-12-01,1111.65,2024-12-10,1111.65
TR-0000036,2025-01-01,1111.65,2025-01-13,1111.65
TR-0000036,2025-02-01,1111.65,2025-02-02,1111.65
TR-0000036,2025-03-01,1111.65,2025-02-28,1111.65
TR-0000036,2025-04-01,1111.65,2025-04-11,1111.65
TR-0000036,2025-05-01,1111.65,2025-05-02,1111.65
TR-0000036,2025-06-01,1111.65,2025-06-06,1111.65
TR-0000036,2025-07-01,1111.65,2025-07-06,1111.65
TR-0000036,2025-08-01,1111.65,2025-08-13,1111.65
TR-0000036,2025-09-01,1111.65,2025-09-03,1111.65
TR-0000036,2025-10-01,1111.65,2025-10-08,1111.65
TR-0000036,2025-11-01,1111.65,2025-11-10,1111.65
TR-0000036,2025-12-01,1111.65,2025-12-11,1111.65
TR-0000036,2026-01-01,1111.65,2026-01-08,1111.65
TR-0000036,2026-02-01,1111.65,2026-02-07,1111.65
TR-0000036,2026-03-01,1111.65,2026-03-11,1111.65
TR-0000036,2026-04-01,1111.65,2026-04-09,1111.65
TR-0000036,2026-05-01,1111.65,2026-05-08,1111.65
TR-0000036,2026-06-01,1111.65,2026-06-06,1111.65
TR-0000036,2026-07-01,1111.65,2026-07-13,1111.65
TR-0000036,2026-08-01,1111.65,,
TR-0000036,2026-09-01,1111.65,,
TR-0000036,2026-10-01,1111.65,,
TR-0000037,2024-11-01,2069.65,2024-11-12,2069.65
TR-0000037,2024-12-01,2069.65,2024-12-07,2069.65
TR-0000037,2025-01-01,2069.65,2025-01-07,2069.65
TR-0000037,2025-02-01,2069.65,2025-02-07,2069.65
TR-0000037,2025-03-01,2069.65,2025-02-27,2069.65
TR-0000037,2025-04-01,2069.65,2025-04-04,2069.65
TR-0000037,2025-05-01,2069.65,2025-05-06,2069.65
TR-0000037,2025-06-01,2069.65,2025-05-31,2069.65
TR-0000037,2025-07-01,2069.65,2025-07-10,2069.65
TR-0000037,2025-08-01,2069.65,2025-07-30,2069.65
TR-0000037,2025-09-01,2069.65,2025-08-31,2069.65
TR-0000037,2025-10-01,2069.65,2025-10-01,2069.65
TR-0000037,2025-11-01,2069.65,2025-11-03,2069.65
TR-0000037,2025-12-01,2069.65,2025-12-07,2069.65
TR-0000037,2026-01-01,2069.65,2026-01-06,2069.65
TR-0000037,2026-02-01,2069.65,2026-02-04,2069.65
TR-0000037,2026-03-01,2069.65,2026-03-08,2069.65
TR-0000037,2026-04-01,2069.65,2026-03-31,2069.65
TR-0000037,2026-05-01,2069.65,2026-04-28,2069.65
TR-0000037,2026-06-01,2069.65,2026-06-12,2069.65
TR-0000037,2026-07-01,2069.65,2026-07-08,2069.65
TR-0000037,2026-08-01,2069.65,2026-07-29,2069.65
TR-0000037,2026-09-01,2069.65,2026-08-31,2069.65
TR-0000037,2026-10-01,2069.65,,
TR-0000038,2024-11-01,6115.73,2024-11-08,6115.73
TR-0000038,2024-12-01,6115.73,2024-12-13,6115.73
TR-0000038,2025-01-01,6115.73,2025-01-03,6115.73
TR-0000038,2025-02-01,6115.73,2025-01-30,6115.73
TR-0000038,2025-03-01,6115.73,2025-03-02,6115.73
TR-0000038,2025-04-01,6115.73,2025-04-06,6115.73
TR-0000038,2025-05-01,6115.73,2025-05-01,6115.73
TR-0000038,2025-06-01,6115.73,2025-05-29,6115.73
TR-0000038,2025-07-01,6115.73,2025-07-05,6115.73
TR-0000038,2025-08-01,6115.73,2025-08-13,6115.73
TR-0000038,2025-09-01,6115.73,2025-09-09,6115.73
TR-0000038,2025-10-01,6115.73,2025-09-28,6115.73
TR-0000038,2025-11-01,6115.73,2025-11-08,6115.73
TR-0000038,2025-12-01,6115.73,2025-12-12,6115.73
TR-0000038,2026-01-01,6115.73,2026-01-04,6115.73
TR-0000038,2026-02-01,6115.73,2026-02-09,6115.73
TR-0000038,2026-03-01,6115.73,2026-03-07,6115.73
TR-0000038,2026-04-01,6115.73,2026-04-11,6115.73
TR-0000038,2026-05-01,6115.73,2026-05-09,6115.73
TR-0000038,2026-06-01,6115.73,2026-06-06,6115.73
TR-0000038,2026-07-01,6115.73,2026-06-30,6115.73
TR-0000038,2026-08-01,6115.73,2026-08-13,6115.73
TR-0000038,2026-09-01,6115.73,2026-08-30,6115.73
TR-0000038,2026-10-01,6115.73,,
TR-0000039,2024-11-01,4868.61,2024-11-01,4868.61
TR-0000039,2024-12-01,4868.61,2024-12-02,4868.61
TR-0000039,2025-01-01,4868.61,2024-12-29,4868.61
TR-0000039,2025-02-01,4868.61,2025-01-31,4868.61
TR-0000039,2025-03-01,4868.61,2025-03-08,4868.61
TR-0000039,2025-04-01,4868.61,2025-04-10,4868.61
TR-0000039,2025-05-01,4868.61,2025-05-12,4868.61
TR-0000039,2025-06-01,4868.61,2025-06-06,4868.61
TR-0000039,2025-07-01,4868.61,2025-07-01,4868.61
TR-0000039,2025-08-01,4868.61,2025-08-01,4868.61
TR-0000039,2025-09-01,4868.61,2025-09-01,4868.61
TR-0000039,2025-10-01,4868.61,2025-10-06,4868.61
TR-0000039,2025-11-01,4868.61,2025-11-08,4868.61
TR-0000039,2025-12-01,4868.61,2025-12-07,4868.61
TR-0000039,2026-01-01,4868.61,2025-12-29,4868.61
TR-0000039,2026-02-01,4868.61,2026-02-04,4868.61
TR-0000039,2026-03-01,4868.61,2026-03-13,4868.61
TR-0000039,2026-04-01,4868.61,2026-04-12,4868.61
TR-0000039,2026-05-01,4868.61,2026-05-10,4868.61
TR-0000039,2026-06-01,4868.61,2026-06-03,4868.61
TR-0000039,2026-07-01,4868.61,2026-07-12,4868.61
TR-0000039,2026-08-01,4868.61,2026-08-09,4868.61
TR-0000039,2026-09-01,4868.61,2026-09-13,4868.61
TR-0000039,2026-10-01,4868.61,,
TR-0000040,2024-11-01,6245.32,2024-11-11,6245.32
TR-0000040,2024-12-01,6245.32,2024-11-29,6245.32
TR-0000040,2025-01-01,6245.32,2025-01-05,6245.32
TR-0000040,2025-02-01,6245.32,2025-02-04,6245.32
TR-0000040,2025-03-01,6245.32,2025-03-12,6245.32
TR-0000040,2025-04-01,6245.32,2025-03-30,6245.32
TR-0000040,2025-05-01,6245.32,2025-05-05,6245.32
TR-0000040,2025-06-01,6245.32,2025-06-09,6245.32
TR-0000040,2025-07-01,6245.32,2025-07-01,6245.32
TR-0000040,2025-08-01,6245.32,2025-08-05,6245.32
TR-0000040,2025-09-01,6245.32,2025-09-09,6245.32
TR-0000040,2025-10-01,6245.32,2025-10-03,6245.32
TR-0000040,2025-11-01,6245.32,2025-11-07,6245.32
TR-0000040,2025-12-01,6245.32,2025-12-03,6245.32
TR-0000040,2026-01-01,6245.32,2025-12-31,6245.32
TR-0000040,2026-02-01,6245.32,2026-01-30,6245.32
TR-0000040,2026-03-01,6245.32,2026-03-09,6245.32
TR-0000040,2026-04-01,6245.32,2026-04-07,6245.32
TR-0000040,2026-05-01,6245.32,2026-05-08,6245.32
TR-0000040,2026-06-01,6245.32,2026-06-10,6245.32
TR-0000040,2026-07-01,6245.32,2026-07-09,6245.32
TR-0000040,2026-08-01,6245.32,2026-08-04,6245.32
TR-0000040,2026-09-01,6245.32,2026-09-10,6245.32
TR-0000040,2026-10-01,6245.32,,
TR-0000041,2024-11-01,3677.94,2024-11-08,3677.94
TR-0000041,2024-12-01,3677.94,2024-12-12,3677.94
TR-0000041,2025-01-01,3677.94,2025-01-03,3677.94
TR-0000041,2025-02-01,3677.94,2025-02-11,3677.94
TR-0000041,2025-03-01,3677.94,2025-03-10,3677.94
TR-0000041,2025-04-01,3677.94,2025-04-09,3677.94
TR-0000041,2025-05-01,3677.94,2025-05-01,3677.94
TR-0000041,2025-06-01,3677.94,2025-06-09,3677.94
TR-0000041,2025-07-01,3677.94,2025-07-11,3677.94
TR-0000041,2025-08-01,3677.94,2025-08-10,3677.94
TR-0000041,2025-09-01,3677.94,2025-09-04,3677.94
TR-0000041,2025-10-01,3677.94,2025-10-07,3677.94
TR-0000041,2025-11-01,3677.94,2025-11-12,3677.94
TR-0000041,2025-12-01,3677.94,2025-12-10,3677.94
TR-0000041,2026-01-01,3677.94,2026-01-08,3677.94
TR-0000041,2026-02-01,3677.94,2026-02-05,3677.94
TR-0000041,2026-03-01,3677.94,2026-02-28,3677.94
TR-0000041,2026-04-01,3677.94,2026-04-01,3677.94
TR-0000041,2026-05-01,3677.94,2026-05-01,3677.94
TR-0000041,2026-06-01,3677.94,2026-06-03,3677.94
TR-0000041,2026-07-01,3677.94,2026-07-12,3677.94
TR-0000041,2026-08-01,3677.94,2026-08-11,3677.94
TR-0000041,2026-09-01,3677.94,2026-09-05,3677.94
TR-0000041,2026-10-01,3677.94,,
TR-0000042,2024-11-01,5057.82,2024-10-30,5057.82
TR-0000042,2024-12-01,5057.82,2024-11-28,5057.82
TR-0000042,2025-01-01,5057.82,2024-12-31,5057.82
TR-0000042,2025-02-01,5057.82,2025-01-29,5057.82
TR-0000042,2025-03-01,5057.82,2025-03-09,5057.82
TR-0000042,2025-04-01,5057.82,2025-03-29,5057.82
TR-0000042,2025-05-01,5057.82,2025-05-08,5057.82
TR-0000042,2025-06-01,5057.82,2025-06-04,5057.82
TR-0000042,2025-07-01,5057.82,2025-07-12,5057.82
TR-0000042,2025-08-01,5057.82,2025-08-12,5057.82
TR-0000042,2025-09-01,5057.82,2025-09-03,5057.82
TR-0000042,2025-10-01,5057.82,2025-10-02,5057.82
TR-0000042,2025-11-01,5057.82,2025-11-09,5057.82
TR-0000042,2025-12-01,5057.82,2025-12-11,5057.82
TR-0000042,2026-01-01,5057.82,2026-01-07,5057.82
TR-0000042,2026-02-01,5057.82,2026-02-09,5057.82
TR-0000042,2026-03-01,5057.82,2026-03-10,5057.82
TR-0000042,2026-04-01,5057.82,2026-04-01,5057.82
TR-0000042,2026-05-01,5057.82,2026-05-12,5057.82
TR-0000042,2026-06-01,5057.82,2026-06-01,5057.82
TR-0000042,2026-07-01,5057.82,2026-07-11,5057.82
TR-0000042,2026-08-01,5057.82,2026-08-12,5057.82
TR-0000042,2026-09-01,5057.82,2026-09-08,5057.82
TR-0000042,2026-10-01,5057.82,,
TR-0000043,2024-11-01,2757.45,2024-11-13,2757.45
TR-0000043,2024-12-01,2757.45,2024-12-08,2757.45
TR-0000043,2025-01-01,2757.45,2025-01-08,2757.45
TR-0000043,2025-02-01,2757.45,2025-02-06,2757.45
TR-0000043,2025-03-01,2757.45,2025-03-12,2757.45
TR-0000043,2025-04-01,2757.45,2025-04-10,2757.45
TR-0000043,2025-05-01,2757.45,2025-05-12,2757.45
TR-0000043,2025-06-01,2757.45,2025-06-04,2757.45
TR-0000043,2025-07-01,2757.45,2025-07-11,2757.45
TR-0000043,2025-08-01,2757.45,2025-07-29,2757.45
TR-0000043,2025-09-01,2757.45,2025-09-13,2757.45
TR-0000043,2025-10-01,2757.45,2025-10-12,2757.45
TR-0000043,2025-11-01,2757.45,2025-10-30,2757.45
TR-0000043,2025-12-01,2757.45,2025-12-13,2757.45
TR-0000043,2026-01-01,2757.45,2025-12-30,2757.45
TR-0000043,2026-02-01,2757.45,2026-02-05,2757.45
TR-0000043,2026-03-01,2757.45,2026-03-02,2757.45
TR-0000043,2026-04-01,2757.45,2026-04-05,2757.45
TR-0000043,2026-05-01,2757.45,2026-04-30,2757.45
TR-0000043,2026-06-01,2757.45,2026-06-09,2757.45
TR-0000043,2026-07-01,2757.45,2026-06-30,2757.45
TR-0000043,2026-08-01,2757.45,2026-07-30,2757.45
TR-0000043,2026-09-01,2757.45,2026-09-02,2757.45
TR-0000043,2026-10-01,2757.45,,
TR-0000044,2024-11-01,3548.12,2024-11-09,3548.12
TR-0000044,2024-12-01,3548.12,2024-12-09,3548.12
TR-0000044,2025-01-01,3548.12,2025-01-05,3548.12
TR-0000044,2025-02-01,3548.12,2025-02-09,3548.12
TR-0000044,2025-03-01,3548.12,2025-03-04,3548.12
TR-0000044,2025-04-01,3548.12,2025-04-06,3548.12
TR-0000044,2025-05-01,3548.12,2025-05-03,3548.12
TR-0000044,2025-06-01,3548.12,2025-06-11,3548.12
TR-0000044,2025-07-01,3548.12,2025-07-09,3548.12
TR-0000044,2025-08-01,3548.12,2025-08-03,3548.12
TR-0000044,2025-09-01,3548.12,2025-09-10,3548.12
TR-0000044,2025-10-01,3548.12,2025-10-06,3548.12
TR-0000044,2025-11-01,3548.12,2025-11-03,3548.12
TR-0000044,2025-12-01,3548.12,2025-12-03,3548.12
TR-0000044,2026-01-01,3548.12,2025-12-29,3548.12
TR-0000044,2026-02-01,3548.12,2026-02-13,3548.12
TR-0000044,2026-03-01,3548.12,2026-02-28,3548.12
TR-0000044,2026-04-01,3548.12,2026-04-08,3548.12
TR-0000044,2026-05-01,3548.12,2026-04-29,3548.12
TR-0000044,2026-06-01,3548.12,2026-06-12,3548.12
TR-0000044,2026-07-01,3548.12,2026-07-09,3548.12
TR-0000044,2026-08-01,3548.12,2026-08-06,3548.12
TR-0000044,2026-09-01,3548.12,,
TR-0000044,2026-10-01,3548.12,,
TR-0000045,2024-11-01,2422.74,2024-11-01,2422.74
TR-0000045,2024-12-01,2422.74,2024-12-13,2422.74
TR-0000045,2025-01-01,2422.74,2025-01-01,2422.74
TR-0000045,2025-02-01,2422.74,2025-02-04,2422.74
TR-0000045,2025-03-01,2422.74,2025-03-07,2422.74
TR-0000045,2025-04-01,2422.74,2025-04-01,2422.74
TR-0000045,2025-05-01,2422.74,2025-05-01,2422.74
TR-0000045,2025-06-01,2422.74,2025-06-02,2422.74
TR-0000045,2025-07-01,2422.74,2025-07-06,2422.74
TR-0000045,2025-08-01,2422.74,2025-08-09,2422.74
TR-0000045,2025-09-01,2422.74,2025-09-13,2422.74
TR-0000045,2025-10-01,2422.74,2025-10-02,2422.74
TR-0000045,2025-11-01,2422.74,2025-11-10,2422.74
TR-0000045,2025-12-01,2422.74,2025-12-04,2422.74
TR-0000045,2026-01-01,2422.74,2026-01-10,2422.74
TR-0000045,2026-02-01,2422.74,2026-02-03,2422.74
TR-0000045,2026-03-01,2422.74,2026-02-27,2422.74
TR-0000045,2026-04-01,2422.74,2026-03-29,2422.74
TR-0000045,2026-05-01,2422.74,2026-04-28,2422.74
TR-0000045,2026-06-01,2422.74,2026-06-13,2422.74
TR-0000045,2026-07-01,2422.74,2026-07-01,2422.74
TR-0000045,2026-08-01,2422.74,2026-08-12,2422.74
TR-0000045,2026-09-01,2422.74,2026-09-08,2422.74
TR-0000045,2026-10-01,2422.74,,
TR-0000046,2024-11-01,4062.94,2024-10-31,4062.94
TR-0000046,2024-12-01,4062.94,2024-12-13,4062.94
TR-0000046,2025-01-01,4062.94,2024-12-30,4062.94
TR-0000046,2025-02-01,4062.94,2025-02-11,4062.94
TR-0000046,2025-03-01,4062.94,2025-03-08,4062.94
TR-0000046,2025-04-01,4062.94,2025-04-01,4062.94
TR-0000046,2025-05-01,4062.94,2025-05-11,4062.94
TR-0000046,2025-06-01,4062.94,2025-06-09,4062.94
TR-0000046,2025-07-01,4062.94,2025-07-11,4062.94
TR-0000046,2025-08-01,4062.94,2025-07-29,4062.94
TR-0000046,2025-09-01,4062.94,2025-08-30,4062.94
TR-0000046,2025-10-01,4062.94,2025-10-06,4062.94
TR-0000046,2025-11-01,4062.94,2025-11-12,4062.94
TR-0000046,2025-12-01,4062.94,2025-12-06,4062.94
TR-0000046,2026-01-01,4062.94,2026-01-13,4062.94
TR-0000046,2026-02-01,4062.94,2026-02-06,4062.94
TR-0000046,2026-03-01,4062.94,2026-03-02,4062.94
TR-0000046,2026-04-01,4062.94,2026-04-02,4062.94
TR-0000046,2026-05-01,4062.94,2026-05-07,4062.94
TR-0000046,2026-06-01,4062.94,2026-05-29,4062.94
TR-0000046,2026-07-01,4062.94,2026-07-05,4062.94
TR-0000046,2026-08-01,4062.94,2026-08-05,4062.94
TR-0000046,2026-09-01,4062.94,2026-09-08,4062.94
TR-0000046,2026-10-01,4062.94,,
TR-0000047,2024-11-01,3040.63,2024-10-31,3040.63
TR-0000047,2024-12-01,3040.63,2024-12-11,3040.63
TR-0000047,2025-01-01,3040.63,2025-01-07,3040.63
TR-0000047,2025-02-01,3040.63,2025-02-02,3040.63
TR-0000047,2025-03-01,3040.63,2025-03-08,3040.63
TR-0000047,2025-04-01,3040.63,2025-04-03,3040.63
TR-0000047,2025-05-01,3040.63,2025-05-12,3040.63
TR-0000047,2025-06-01,3040.63,2025-06-09,3040.63
TR-0000047,2025-07-01,3040.63,2025-07-08,3040.63
TR-0000047,2025-08-01,3040.63,2025-08-07,3040.63
TR-0000047,2025-09-01,3040.63,2025-09-04,3040.63
TR-0000047,2025-10-01,3040.63,2025-10-07,3040.63
TR-0000047,2025-11-01,3040.63,2025-11-13,3040.63
TR-0000047,2025-12-01,3040.63,2025-12-13,3040.63
TR-0000047,2026-01-01,3040.63,2026-01-13,3040.63
TR-0000047,2026-02-01,3040.63,2026-02-10,3040.63
TR-0000047,2026-03-01,3040.63,2026-03-13,3040.63
TR-0000047,2026-04-01,3040.63,2026-04-09,3040.63
TR-0000047,2026-05-01,3040.63,2026-05-04,3040.63
TR-0000047,2026-06-01,3040.63,2026-06-06,3040.63
TR-0000047,2026-07-01,3040.63,2026-06-30,3040.63
TR-0000047,2026-08-01,3040.63,2026-08-02,3040.63
TR-0000047,2026-09-01,3040.63,2026-08-31,3040.63
TR-0000047,2026-10-01,3040.63,,
TR-0000048,2024-11-01,4423.41,2024-11-09,4423.41
TR-0000048,2024-12-01,4423.41,2024-12-09,4423.41
TR-0000048,2025-01-01,4423.41,2025-01-13,4423.41
TR-0000048,2025-02-01,4423.41,2025-02-13,4423.41
TR-0000048,2025-03-01,4423.41,2025-03-01,4423.41
TR-0000048,2025-04-01,4423.41,2025-04-07,4423.41
TR-0000048,2025-05-01,4423.41,2025-05-03,4423.41
TR-0000048,2025-06-01,4423.41,2025-05-30,4423.41
TR-0000048,2025-07-01,4423.41,2025-06-29,4423.41
TR-0000048,2025-08-01,4423.41,2025-08-13,4423.41
TR-0000048,2025-09-01,4423.41,2025-09-05,4423.41
TR-0000048,2025-10-01,4423.41,2025-09-28,4423.41
TR-0000048,2025-11-01,4423.41,2025-11-11,4423.41
TR-0000048,2025-12-01,4423.41,2025-12-08,4423.41
TR-0000048,2026-01-01,4423.41,2026-01-01,4423.41
TR-0000048,2026-02-01,4423.41,2026-02-04,4423.41
TR-0000048,2026-03-01,4423.41,2026-02-27,4423.41
TR-0000048,2026-04-01,4423.41,2026-04-01,4423.41
TR-0000048,2026-05-01,4423.41,2026-05-02,4423.41
TR-0000048,2026-06-01,4423.41,2026-05-31,4423.41
TR-0000048,2026-07-01,4423.41,2026-07-01,4423.41
TR-0000048,2026-08-01,4423.41,2026-08-09,4423.41
TR-0000048,2026-09-01,4423.41,2026-09-04,4423.41
TR-0000048,2026-10-01,4423.41,,
TR-0000049,2024-11-01,2831.79,2024-11-02,2831.79
TR-0000049,2024-12-01,2831.79,2024-12-06,2831.79
TR-0000049,2025-01-01,2831.79,2025-01-04,2831.79
TR-0000049,2025-02-01,2831.79,2025-02-06,2831.79
TR-0000049,2025-03-01,2831.79,2025-03-10,2831.79
TR-0000049,2025-04-01,2831.79,2025-04-08,2831.79
TR-0000049,2025-05-01,2831.79,2025-05-05,2831.79
TR-0000049,2025-06-01,2831.79,2025-06-08,2831.79
TR-0000049,2025-07-01,2831.79,2025-07-12,2831.79
TR-0000049,2025-08-01,2831.79,2025-08-05,2831.79
TR-0000049,2025-09-01,2831.79,2025-09-09,2831.79
TR-0000049,2025-10-01,2831.79,2025-10-07,2831.79
TR-0000049,2025-11-01,2831.79,2025-11-10,2831.79
TR-0000049,2025-12-01,2831.79,2025-12-01,2831.79
TR-0000049,2026-01-01,2831.79,2026-01-03,2831.79
TR-0000049,2026-02-01,2831.79,2026-02-10,2831.79
TR-0000049,2026-03-01,2831.79,2026-03-11,2831.79
TR-0000049,2026-04-01,2831.79,2026-04-04,2831.79
TR-0000049,2026-05-01,2831.79,2026-05-10,2831.79
TR-0000049,2026-06-01,2831.79,2026-06-05,2831.79
TR-0000049,2026-07-01,2831.79,2026-07-02,2831.79
TR-0000049,2026-08-01,2831.79,2026-08-10,2831.79
TR-0000049,2026-09-01,2831.79,2026-09-04,2831.79
TR-0000049,2026-10-01,2831.79,,
TR-0000050,2024-11-01,1943.67,2024-11-10,1943.67
TR-0000050,2024-12-01,1943.67,2024-12-01,1943.67
TR-0000050,2025-01-01,1943.67,2025-01-10,1943.67
TR-0000050,2025-02-01,1943.67,2025-02-03,1943.67
TR-0000050,2025-03-01,1943.67,2025-03-12,1943.67
TR-0000050,2025-04-01,1943.67,2025-03-31,1943.67
TR-0000050,2025-05-01,1943.67,2025-05-13,1943.67
TR-0000050,2025-06-01,1943.67,2025-06-06,1943.67
TR-0000050,2025-07-01,1943.67,2025-07-07,1943.67
TR-0000050,2025-08-01,1943.67,2025-08-09,1943.67
TR-0000050,2025-09-01,1943.67,2025-08-29,1943.67
TR-0000050,2025-10-01,1943.67,2025-09-29,1943.67
TR-0000050,2025-11-01,1943.67,2025-11-08,1943.67
TR-0000050,2025-12-01,1943.67,2025-12-04,1943.67
TR-0000050,2026-01-01,1943.67,2026-01-07,1943.67
TR-0000050,2026-02-01,1943.67,2026-02-07,1943.67
TR-0000050,2026-03-01,1943.67,2026-03-01,1943.67
TR-0000050,2026-04-01,1943.67,2026-04-01,1943.67
TR-0000050,2026-05-01,1943.67,2026-05-02,1943.67
TR-0000050,2026-06-01,1943.67,2026-05-29,1943.67
TR-0000050,2026-07-01,1943.67,2026-07-08,1943.67
TR-0000050,2026-08-01,1943.67,2026-08-09,1943.67
TR-0000050,2026-09-01,1943.67,2026-09-04,1943.67
TR-0000050,2026-10-01,1943.67,,
TR-0000051,2024-11-01,4221.97,2024-11-04,4221.97
TR-0000051,2024-12-01,4221.97,2024-12-04,4221.97
TR-0000051,2025-01-01,4221.97,2025-01-03,4221.97
TR-0000051,2025-02-01,4221.97,2025-02-05,4221.97
TR-0000051,2025-03-01,4221.97,2025-03-05,4221.97
TR-0000051,2025-04-01,4221.97,2025-04-01,4221.97
TR-0000051,2025-05-01,4221.97,2025-05-09,4221.97
TR-0000051,2025-06-01,4221.97,2025-06-09,4221.97
TR-0000051,2025-07-01,4221.97,2025-07-12,4221.97
TR-0000051,2025-08-01,4221.97,2025-08-06,4221.97
TR-0000051,2025-09-01,4221.97,2025-09-01,4221.97
TR-0000051,2025-10-01,4221.97,2025-10-06,4221.97
TR-0000051,2025-11-01,4221.97,2025-10-29,4221.97
TR-0000051,2025-12-01,4221.97,2025-12-13,4221.97
TR-0000051,2026-01-01,4221.97,2025-12-29,4221.97
TR-0000051,2026-02-01,4221.97,2026-02-13,4221.97
TR-0000051,2026-03-01,4221.97,2026-03-13,4221.97
TR-0000051,2026-04-01,4221.97,2026-03-31,4221.97
TR-0000051,2026-05-01,4221.97,2026-05-13,4221.97
TR-0000051,2026-06-01,4221.97,2026-05-31,4221.97
TR-0000051,2026-07-01,4221.97,2026-06-28,4221.97
TR-0000051,2026-08-01,4221.97,2026-08-07,4221.97
TR-0000051,2026-09-01,4221.97,2026-09-01,4221.97
TR-0000051,2026-10-01,4221.97,,
TR-0000052,2024-11-01,3959.47,2024-11-11,3959.47
TR-0000052,2024-12-01,3959.47,2024-12-02,3959.47
TR-0000052,2025-01-01,3959.47,2024-12-31,3959.47
TR-0000052,2025-02-01,3959.47,2025-01-30,3959.47
TR-0000052,2025-03-01,3959.47,2025-02-27,3959.47
TR-0000052,2025-04-01,3959.47,2025-03-30,3959.47
TR-0000052,2025-05-01,3959.47,2025-05-11,3959.47
TR-0000052,2025-06-01,3959.47,2025-06-06,3959.47
TR-0000052,2025-07-01,3959.47,2025-07-12,3959.47
TR-0000052,2025-08-01,3959.47,2025-07-31,3959.47
TR-0000052,2025-09-01,3959.47,2025-09-07,3959.47
TR-0000052,2025-10-01,3959.47,2025-10-03,3959.47
TR-0000052,2025-11-01,3959.47,2025-11-11,3959.47
TR-0000052,2025-12-01,3959.47,2025-12-10,3959.47
TR-0000052,2026-01-01,3959.47,2026-01-05,3959.47
TR-0000052,2026-02-01,3959.47,2026-02-11,3959.47
TR-0000052,2026-03-01,3959.47,2026-02-27,3959.47
TR-0000052,2026-04-01,3959.47,2026-03-29,3959.47
TR-0000052,2026-05-01,3959.47,2026-05-08,3959.47
TR-0000052,2026-06-01,3959.47,2026-06-13,3959.47
TR-0000052,2026-07-01,3959.47,2026-07-12,3959.47
TR-0000052,2026-08-01,3959.47,2026-08-03,3959.47
TR-0000052,2026-09-01,3959.47,2026-09-05,3959.47
TR-0000052,2026-10-01,3959.47,,
TR-0000053,2024-11-01,2280.82,2024-11-12,2280.82
TR-0000053,2024-12-01,2280.82,2024-12-05,2280.82
TR-0000053,2025-01-01,2280.82,2025-01-11,2280.82
TR-0000053,2025-02-01,2280.82,2025-02-09,2280.82
TR-0000053,2025-03-01,2280.82,2025-03-03,2280.82
TR-0000053,2025-04-01,2280.82,2025-04-03,2280.82
TR-0000053,2025-05-01,2280.82,2025-04-28,2280.82
TR-0000053,2025-06-01,2280.82,2025-06-06,2280.82
TR-0000053,2025-07-01,2280.82,2025-07-09,2280.82
TR-0000053,2025-08-01,2280.82,2025-07-30,2280.82
TR-0000053,2025-09-01,2280.82,2025-09-03,2280.82
TR-0000053,2025-10-01,2280.82,2025-10-10,2280.82
TR-0000053,2025-11-01,2280.82,2025-11-11,2280.82
TR-0000053,2025-12-01,2280.82,2025-12-08,2280.82
TR-0000053,2026-01-01,2280.82,2026-01-07,2280.82
TR-0000053,2026-02-01,2280.82,2026-02-12,2280.82
TR-0000053,2026-03-01,2280.82,2026-03-10,2280.82
TR-0000053,2026-04-01,2280.82,2026-04-13,2280.82
TR-0000053,2026-05-01,2280.82,2026-05-08,2280.82
TR-0000053,2026-06-01,2280.82,2026-05-29,2280.82
TR-0000053,2026-07-01,2280.82,2026-06-29,2280.82
TR-0000053,2026-08-01,2280.82,2026-08-07,2280.82
TR-0000053,2026-09-01,2280.82,,
TR-0000053,2026-10-01,2280.82,,
TR-0000054,2024-11-01,1371.31,2024-11-11,1371.31
TR-0000054,2024-12-01,1371.31,2024-12-03,1371.31
TR-0000054,2025-01-01,1371.31,2024-12-31,1371.31
TR-0000054,2025-02-01,1371.31,2025-02-03,1371.31
TR-0000054,2025-03-01,1371.31,2025-02-28,1371.31
TR-0000054,2025-04-01,1371.31,2025-04-06,1371.31
TR-0000054,2025-05-01,1371.31,2025-05-03,1371.31
TR-0000054,2025-06-01,1371.31,2025-06-05,1371.31
TR-0000054,2025-07-01,1371.31,2025-07-10,1371.31
TR-0000054,2025-08-01,1371.31,2025-07-31,1371.31
TR-0000054,2025-09-01,1371.31,2025-09-01,1371.31
TR-0000054,2025-10-01,1371.31,2025-09-28,1371.31
TR-0000054,2025-11-01,1371.31,2025-11-13,1371.31
TR-0000054,2025-12-01,1371.31,2025-12-04,1371.31
TR-0000054,2026-01-01,1371.31,2026-01-13,1371.31
TR-0000054,2026-02-01,1371.31,2026-01-30,1371.31
TR-0000054,2026-03-01,1371.31,2026-03-08,1371.31
TR-0000054,2026-04-01,1371.31,2026-04-09,1371.31
TR-0000054,2026-05-01,1371.31,2026-05-01,1371.31
TR-0000054,2026-06-01,1371.31,2026-06-13,1371.31
TR-0000054,2026-07-01,1371.31,2026-06-29,1371.31
TR-0000054,2026-08-01,1371.31,2026-08-01,1371.31
TR-0000054,2026-09-01,1371.31,2026-09-02,1371.31
TR-0000054,2026-10-01,1371.31,,
TR-0000055,2024-11-01,5626.03,2024-11-12,5626.03
TR-0000055,2024-12-01,5626.03,2024-12-04,5626.03
TR-0000055,2025-01-01,5626.03,2025-01-06,5626.03
TR-0000055,2025-02-01,5626.03,2025-02-02,5626.03
TR-0000055,2025-03-01,5626.03,2025-03-02,5626.03
TR-0000055,2025-04-01,5626.03,2025-04-13,5626.03
TR-0000055,2025-05-01,5626.03,2025-05-03,5626.03
TR-0000055,2025-06-01,5626.03,2025-05-31,5626.03
TR-0000055,2025-07-01,5626.03,2025-06-29,5626.03
TR-0000055,2025-08-01,5626.03,2025-07-29,5626.03
TR-0000055,2025-09-01,5626.03,2025-08-30,5626.03
TR-0000055,2025-10-01,5626.03,2025-10-13,5626.03
TR-0000055,2025-11-01,5626.03,2025-11-08,5626.03
TR-0000055,2025-12-01,5626.03,2025-12-10,5626.03
TR-0000055,2026-01-01,5626.03,2026-01-07,5626.03
TR-0000055,2026-02-01,5626.03,2026-02-12,5626.03
TR-0000055,2026-03-01,5626.03,2026-03-01,5626.03
TR-0000055,2026-04-01,5626.03,2026-04-11,5626.03
TR-0000055,2026-05-01,5626.03,2026-05-01,5626.03
TR-0000055,2026-06-01,5626.03,2026-05-29,5626.03
TR-0000055,2026-07-01,5626.03,2026-07-13,5626.03
TR-0000055,2026-08-01,5626.03,2026-07-30,5626.03
TR-0000055,2026-09-01,5626.03,2026-09-05,5626.03
TR-0000055,2026-10-01,5626.03,,
TR-0000056,2024-11-01,2082.62,2024-11-08,2082.62
TR-0000056,2024-12-01,2082.62,2024-12-08,2082.62
TR-0000056,2025-01-01,2082.62,2025-01-10,2082.62
TR-0000056,2025-02-01,2082.62,2025-02-05,2082.62
TR-0000056,2025-03-01,2082.62,2025-03-02,2082.62
TR-0000056,2025-04-01,2082.62,2025-04-11,2082.62
TR-0000056,2025-05-01,2082.62,2025-05-06,2082.62
TR-0000056,2025-06-01,2082.62,2025-06-12,2082.62
TR-0000056,2025-07-01,2082.62,2025-06-28,2082.62
TR-0000056,2025-08-01,2082.62,2025-08-09,2082.62
TR-0000056,2025-09-01,2082.62,2025-09-07,2082.62
TR-0000056,2025-10-01,2082.62,2025-09-28,2082.62
TR-0000056,2025-11-01,2082.62,2025-11-11,2082.62
TR-0000056,2025-12-01,2082.62,2025-12-13,2082.62
TR-0000056,2026-01-01,2082.62,2026-01-09,2082.62
TR-0000056,2026-02-01,2082.62,2026-02-05,2082.62
TR-0000056,2026-03-01,2082.62,2026-02-26,2082.62
TR-0000056,2026-04-01,2082.62,2026-04-05,2082.62
TR-0000056,2026-05-01,2082.62,2026-04-29,2082.62
TR-0000056,2026-06-01,2082.62,2026-05-31,2082.62
TR-0000056,2026-07-01,2082.62,2026-07-03,2082.62
TR-0000056,2026-08-01,2082.62,2026-08-01,2082.62
TR-0000056,2026-09-01,2082.62,2026-09-09,2082.62
TR-0000056,2026-10-01,2082.62,,
TR-0000057,2024-11-01,6048.01,2024-10-31,6048.01
TR-0000057,2024-12-01,6048.01,2024-12-07,6048.01
TR-0000057,2025-01-01,6048.01,2024-12-29,6048.01
TR-0000057,2025-02-01,6048.01,2025-02-06,6048.01
TR-0000057,2025-03-01,6048.01,2025-03-01,6048.01
TR-0000057,2025-04-01,6048.01,2025-04-04,6048.01
TR-0000057,2025-05-01,6048.01,2025-05-01,6048.01
TR-0000057,2025-06-01,6048.01,2025-06-04,6048.01
TR-0000057,2025-07-01,6048.01,2025-07-02,6048.01
TR-0000057,2025-08-01,6048.01,2025-07-30,6048.01
TR-0000057,2025-09-01,6048.01,2025-09-13,6048.01
TR-0000057,2025-10-01,6048.01,2025-10-01,6048.01
TR-0000057,2025-11-01,6048.01,2025-11-07,6048.01
TR-0000057,2025-12-01,6048.01,2025-12-01,6048.01
TR-0000057,2026-01-01,6048.01,2025-12-29,6048.01
TR-0000057,2026-02-01,6048.01,2026-02-07,6048.01
TR-0000057,2026-03-01,6048.01,2026-03-10,6048.01
TR-0000057,2026-04-01,6048.01,2026-04-02,6048.01
TR-0000057,2026-05-01,6048.01,2026-05-02,6048.01
TR-0000057,2026-06-01,6048.01,2026-06-05,6048.01
TR-0000057,2026-07-01,6048.01,2026-07-06,6048.01
TR-0000057,2026-08-01,6048.01,2026-07-30,6048.01
TR-0000057,2026-09-01,6048.01,2026-09-05,6048.01
TR-0000057,2026-10-01,6048.01,,
TR-0000058,2024-11-01,2447.44,2024-11-03,2447.44
TR-0000058,2024-12-01,2447.44,2024-12-12,2447.44
TR-0000058,2025-01-01,2447.44,2025-01-10,2447.44
TR-0000058,2025-02-01,2447.44,2025-02-03,2447.44
TR-0000058,2025-03-01,2447.44,2025-03-09,2447.44
TR-0000058,2025-04-01,2447.44,2025-03-29,2447.44
TR-0000058,2025-05-01,2447.44,2025-04-30,2447.44
TR-0000058,2025-06-01,2447.44,2025-05-31,2447.44
TR-0000058,2025-07-01,2447.44,2025-07-02,2447.44
TR-0000058,2025-08-01,2447.44,2025-08-08,2447.44
TR-0000058,2025-09-01,2447.44,2025-09-04,2447.44
TR-0000058,2025-10-01,2447.44,2025-10-11,2447.44
TR-0000058,2025-11-01,2447.44,2025-10-29,2447.44
TR-0000058,2025-12-01,2447.44,2025-12-07,2447.44
TR-0000058,2026-01-01,2447.44,2026-01-12,2447.44
TR-0000058,2026-02-01,2447.44,2026-01-30,2447.44
TR-0000058,2026-03-01,2447.44,2026-02-28,2447.44
TR-0000058,2026-04-01,2447.44,2026-04-11,2447.44
TR-0000058,2026-05-01,2447.44,2026-05-02,2447.44
TR-0000058,2026-06-01,2447.44,2026-06-10,2447.44
TR-0000058,2026-07-01,2447.44,2026-07-06,2447.44
TR-0000058,2026-08-01,2447.44,2026-07-30,2447.44
TR-0000058,2026-09-01,2447.44,2026-09-10,2447.44
TR-0000058,2026-10-01,2447.44,,
TR-0000059,2024-11-01,2328.11,2024-11-01,2328.11
TR-0000059,2024-12-01,2328.11,2024-11-29,2328.11
TR-0000059,2025-01-01,2328.11,2024-12-29,2328.11
TR-0000059,2025-02-01,2328.11,2025-02-10,2328.11
TR-0000059,2025-03-01,2328.11,2025-02-28,2328.11
TR-0000059,2025-04-01,2328.11,2025-04-12,2328.11
TR-0000059,2025-05-01,2328.11,2025-04-29,2328.11
TR-0000059,2025-06-01,2328.11,2025-06-06,2328.11
TR-0000059,2025-07-01,2328.11,2025-07-04,2328.11
TR-0000059,2025-08-01,2328.11,2025-07-31,2328.11
TR-0000059,2025-09-01,2328.11,2025-08-29,2328.11
TR-0000059,2025-10-01,2328.11,2025-10-05,2328.11
TR-0000059,2025-11-01,2328.11,2025-10-30,2328.11
TR-0000059,2025-12-01,2328.11,2025-12-11,2328.11
TR-0000059,2026-01-01,2328.11,2026-01-01,2328.11
TR-0000059,2026-02-01,2328.11,2026-02-08,2328.11
TR-0000059,2026-03-01,2328.11,2026-03-05,2328.11
TR-0000059,2026-04-01,2328.11,2026-04-03,2328.11
TR-0000059,2026-05-01,2328.11,2026-05-05,2328.11
TR-0000059,2026-06-01,2328.11,2026-06-03,2328.11
TR-0000059,2026-07-01,2328.11,2026-07-02,2328.11
TR-0000059,2026-08-01,2328.11,2026-08-01,2328.11
TR-0000059,2026-09-01,2328.11,2026-09-07,2328.11
TR-0000059,2026-10-01,2328.11,,
TR-0000060,2024-11-01,3751.76,2024-10-31,3751.76
TR-0000060,2024-12-01,3751.76,2024-12-01,3751.76
TR-0000060,2025-01-01,3751.76,2025-01-06,3751.76
TR-0000060,2025-02-01,3751.76,2025-02-01,3751.76
TR-0000060,2025-03-01,3751.76,2025-03-11,3751.76
TR-0000060,2025-04-01,3751.76,2025-04-04,3751.76
TR-0000060,2025-05-01,3751.76,2025-05-07,3751.76
TR-0000060,2025-06-01,3751.76,2025-06-02,3751.76
TR-0000060,2025-07-01,3751.76,2025-07-06,3751.76
TR-0000060,2025-08-01,3751.76,2025-08-09,3751.76
TR-0000060,2025-09-01,3751.76,2025-08-29,3751.76
TR-0000060,2025-10-01,3751.76,2025-10-04,3751.76
TR-0000060,2025-11-01,3751.76,2025-11-05,3751.76
TR-0000060,2025-12-01,3751.76,2025-12-04,3751.76
TR-0000060,2026-01-01,3751.76,2026-01-01,3751.76
TR-0000060,2026-02-01,3751.76,2026-01-31,3751.76
TR-0000060,2026-03-01,3751.76,2026-03-07,3751.76
TR-0000060,2026-04-01,3751.76,2026-04-06,3751.76
TR-0000060,2026-05-01,3751.76,2026-05-01,3751.76
TR-0000060,2026-06-01,3751.76,2026-06-01,3751.76
TR-0000060,2026-07-01,3751.76,2026-06-29,3751.76
TR-0000060,2026-08-01,3751.76,2026-08-01,3751.76
TR-0000060,2026-09-01,3751.76,2026-08-31,3751.76
TR-0000060,2026-10-01,3751.76,,
TR-0000061,2024-11-01,2816.22,2024-11-12,2816.22
TR-0000061,2024-12-01,2816.22,2024-12-07,2816.22
TR-0000061,2025-01-01,2816.22,2025-01-07,2816.22
TR-0000061,2025-02-01,2816.22,2025-02-02,2816.22
TR-0000061,2025-03-01,2816.22,2025-03-10,2816.22
TR-0000061,2025-04-01,2816.22,2025-04-06,2816.22
TR-0000061,2025-05-01,2816.22,2025-05-11,2816.22
TR-0000061,2025-06-01,2816.22,2025-05-31,2816.22
TR-0000061,2025-07-01,2816.22,2025-07-02,2816.22
TR-0000061,2025-08-01,2816.22,2025-08-03,2816.22
TR-0000061,2025-09-01,2816.22,2025-09-08,2816.22
TR-0000061,2025-10-01,2816.22,2025-10-11,2816.22
TR-0000061,2025-11-01,2816.22,2025-11-07,2816.22
TR-0000061,2025-12-01,2816.22,2025-12-06,2816.22
TR-0000061,2026-01-01,2816.22,2026-01-10,2816.22
TR-0000061,2026-02-01,2816.22,2026-02-08,2816.22
TR-0000061,2026-03-01,2816.22,2026-03-05,2816.22
TR-0000061,2026-04-01,2816.22,2026-04-10,2816.22
TR-0000061,2026-05-01,2816.22,2026-05-11,2816.22
TR-0000061,2026-06-01,2816.22,2026-06-05,2816.22
TR-0000061,2026-07-01,2816.22,2026-07-10,2816.22
TR-0000061,2026-08-01,2816.22,2026-08-07,2816.22
TR-0000061,2026-09-01,2816.22,2026-09-05,2816.22
TR-0000061,2026-10-01,2816.22,,
TR-0000062,2024-11-01,1581.91,2024-10-30,1581.91
TR-0000062,2024-12-01,1581.91,2024-12-13,1581.91
TR-0000062,2025-01-01,1581.91,2024-12-29,1581.91
TR-0000062,2025-02-01,1581.91,2025-02-11,1581.91
TR-0000062,2025-03-01,1581.91,2025-03-01,1581.91
TR-0000062,2025-04-01,1581.91,2025-04-08,1581.91
TR-0000062,2025-05-01,1581.91,2025-05-13,1581.91
TR-0000062,2025-06-01,1581.91,2025-06-01,1581.91
TR-0000062,2025-07-01,1581.91,2025-07-04,1581.91
TR-0000062,2025-08-01,1581.91,2025-08-13,1581.91
TR-0000062,2025-09-01,1581.91,2025-09-02,1581.91
TR-0000062,2025-10-01,1581.91,2025-10-07,1581.91
TR-0000062,2025-11-01,1581.91,2025-11-03,1581.91
TR-0000062,2025-12-01,1581.91,2025-12-13,1581.91
TR-0000062,2026-01-01,1581.91,2026-01-08,1581.91
TR-0000062,2026-02-01,1581.91,2026-02-09,1581.91
TR-0000062,2026-03-01,1581.91,2026-02-26,1581.91
TR-0000062,2026-04-01,1581.91,2026-04-09,1581.91
TR-0000062,2026-05-01,1581.91,2026-05-05,1581.91
TR-0000062,2026-06-01,1581.91,2026-05-30,1581.91
TR-0000062,2026-07-01,1581.91,2026-07-09,1581.91
TR-0000062,2026-08-01,1581.91,2026-08-10,1581.91
TR-0000062,2026-09-01,1581.91,,
TR-0000062,2026-10-01,1581.91,,
TR-0000063,2024-11-01,3105.49,2024-11-04,3105.49
TR-0000063,2024-12-01,3105.49,2024-12-04,3105.49
TR-0000063,2025-01-01,3105.49,2025-01-01,3105.49
TR-0000063,2025-02-01,3105.49,2025-01-31,3105.49
TR-0000063,2025-03-01,3105.49,2025-03-01,3105.49
TR-0000063,2025-04-01,3105.49,2025-03-31,3105.49
TR-0000063,2025-05-01,3105.49,2025-05-02,3105.49
TR-0000063,2025-06-01,3105.49,2025-06-05,3105.49
TR-0000063,2025-07-01,3105.49,2025-07-13,3105.49
TR-0000063,2025-08-01,3105.49,2025-08-10,3105.49
TR-0000063,2025-09-01,3105.49,2025-09-03,3105.49
TR-0000063,2025-10-01,3105.49,2025-10-04,3105.49
TR-0000063,2025-11-01,3105.49,2025-11-02,3105.49
TR-0000063,2025-12-01,3105.49,2025-11-28,3105.49
TR-0000063,2026-01-01,3105.49,2026-01-11,3105.49
TR-0000063,2026-02-01,3105.49,2026-01-30,3105.49
TR-0000063,2026-03-01,3105.49,2026-03-05,3105.49
TR-0000063,2026-04-01,3105.49,2026-04-13,3105.49
TR-0000063,2026-05-01,3105.49,2026-05-08,3105.49
TR-0000063,2026-06-01,3105.49,2026-05-31,3105.49
TR-0000063,2026-07-01,3105.49,2026-07-08,3105.49
TR-0000063,2026-08-01,3105.49,2026-08-12,3105.49
TR-0000063,2026-09-01,3105.49,2026-08-29,3105.49
TR-0000063,2026-10-01,3105.49,,
TR-0000064,2024-11-01,3884.49,2024-11-10,3884.49
TR-0000064,2024-12-01,3884.49,2024-12-11,3884.49
TR-0000064,2025-01-01,3884.49,2025-01-12,3884.49
TR-0000064,2025-02-01,3884.49,2025-02-11,3884.49
TR-0000064,2025-03-01,3884.49,2025-03-06,3884.49
TR-0000064,2025-04-01,3884.49,2025-04-10,3884.49
TR-0000064,2025-05-01,3884.49,2025-05-04,3884.49
TR-0000064,2025-06-01,3884.49,2025-06-04,3884.49
TR-0000064,2025-07-01,3884.49,2025-07-10,3884.49
TR-0000064,2025-08-01,3884.49,2025-08-10,3884.49
TR-0000064,2025-09-01,3884.49,2025-09-01,3884.49
TR-0000064,2025-10-01,3884.49,2025-09-29,3884.49
TR-0000064,2025-11-01,3884.49,2025-10-31,3884.49
TR-0000064,2025-12-01,3884.49,2025-12-05,3884.49
TR-0000064,2026-01-01,3884.49,2026-01-01,3884.49
TR-0000064,2026-02-01,3884.49,2026-01-30,3884.49
TR-0000064,2026-03-01,3884.49,2026-03-02,3884.49
TR-0000064,2026-04-01,3884.49,2026-04-10,3884.49
TR-0000064,2026-05-01,3884.49,2026-05-11,3884.49
TR-0000064,2026-06-01,3884.49,2026-06-03,3884.49
TR-0000064,2026-07-01,3884.49,2026-07-08,3884.49
TR-0000064,2026-08-01,3884.49,,
TR-0000064,2026-09-01,3884.49,,
TR-0000064,2026-10-01,3884.49,,
TR-0000065,2024-11-01,1052.47,2024-10-30,1052.47
TR-0000065,2024-12-01,1052.47,2024-12-08,1052.47
TR-0000065,2025-01-01,1052.47,2025-01-02,1052.47
TR-0000065,2025-02-01,1052.47,2025-02-11,1052.47
TR-0000065,2025-03-01,1052.47,2025-03-08,1052.47
TR-0000065,2025-04-01,1052.47,2025-04-08,1052.47
TR-0000065,2025-05-01,1052.47,2025-05-01,1052.47
TR-0000065,2025-06-01,1052.47,2025-06-05,1052.47
TR-0000065,2025-07-01,1052.47,2025-06-29,1052.47
TR-0000065,2025-08-01,1052.47,2025-08-09,1052.47
TR-0000065,2025-09-01,1052.47,2025-09-08,1052.47
TR-0000065,2025-10-01,1052.47,2025-10-09,1052.47
TR-0000065,2025-11-01,1052.47,2025-11-12,1052.47
TR-0000065,2025-12-01,1052.47,2025-11-29,1052.47
TR-0000065,2026-01-01,1052.47,2026-01-07,1052.47
TR-0000065,2026-02-01,1052.47,2026-02-08,1052.47
TR-0000065,2026-03-01,1052.47,2026-03-01,1052.47
TR-0000065,2026-04-01,1052.47,2026-04-01,1052.47
TR-0000065,2026-05-01,1052.47,2026-05-13,1052.47
TR-0000065,2026-06-01,1052.47,2026-06-13,1052.47
TR-0000065,2026-07-01,1052.47,2026-07-04,1052.47
TR-0000065,2026-08-01,1052.47,2026-08-07,1052.47
TR-0000065,2026-09-01,1052.47,2026-09-10,1052.47
TR-0000065,2026-10-01,1052.47,,
TR-0000066,2024-11-01,3279.31,2024-11-07,3279.31
TR-0000066,2024-12-01,3279.31,2024-12-12,3279.31
TR-0000066,2025-01-01,3279.31,2024-12-29,3279.31
TR-0000066,2025-02-01,3279.31,2025-02-10,3279.31
TR-0000066,2025-03-01,3279.31,2025-03-11,3279.31
TR-0000066,2025-04-01,3279.31,2025-03-29,3279.31
TR-0000066,2025-05-01,3279.31,2025-05-09,3279.31
TR-0000066,2025-06-01,3279.31,2025-05-30,3279.31
TR-0000066,2025-07-01,3279.31,2025-07-01,3279.31
TR-0000066,2025-08-01,3279.31,2025-08-08,3279.31
TR-0000066,2025-09-01,3279.31,2025-09-01,3279.31
TR-0000066,2025-10-01,3279.31,2025-09-28,3279.31
TR-0000066,2025-11-01,3279.31,2025-11-01,3279.31
TR-0000066,2025-12-01,3279.31,2025-12-13,3279.31
TR-0000066,2026-01-01,3279.31,2026-01-04,3279.31
TR-0000066,2026-02-01,3279.31,2026-02-08,3279.31
TR-0000066,2026-03-01,3279.31,2026-03-01,3279.31
TR-0000066,2026-04-01,3279.31,2026-04-07,3279.31
TR-0000066,2026-05-01,3279.31,2026-04-30,3279.31
TR-0000066,2026-06-01,3279.31,2026-06-09,3279.31
TR-0000066,2026-07-01,3279.31,2026-07-09,3279.31
TR-0000066,2026-08-01,3279.31,2026-07-30,3279.31
TR-0000066,2026-09-01,3279.31,2026-09-08,3279.31
TR-0000066,2026-10-01,3279.31,,
TR-0000067,2024-11-01,1707.29,2024-10-29,1707.29
TR-0000067,2024-12-01,1707.29,2024-12-08,1707.29
TR-0000067,2025-01-01,1707.29,2024-12-29,1707.29
TR-0000067,2025-02-01,1707.29,2025-01-31,1707.29
TR-0000067,2025-03-01,1707.29,2025-03-10,1707.29
TR-0000067,2025-04-01,1707.29,2025-04-06,1707.29
TR-0000067,2025-05-01,1707.29,2025-05-12,1707.29
TR-0000067,2025-06-01,1707.29,2025-06-13,1707.29
TR-0000067,2025-07-01,1707.29,2025-07-12,1707.29
TR-0000067,2025-08-01,1707.29,2025-08-07,1707.29
TR-0000067,2025-09-01,1707.29,2025-09-10,1707.29
TR-0000067,2025-10-01,1707.29,2025-10-09,1707.29
TR-0000067,2025-11-01,1707.29,2025-11-02,1707.29
TR-0000067,2025-12-01,1707.29,2025-12-11,1707.29
TR-0000067,2026-01-01,1707.29,2026-01-12,1707.29
TR-0000067,2026-02-01,1707.29,2026-02-06,1707.29
TR-0000067,2026-03-01,1707.29,2026-03-06,1707.29
TR-0000067,2026-04-01,1707.29,2026-04-02,1707.29
TR-0000067,2026-05-01,1707.29,2026-05-04,1707.29
TR-0000067,2026-06-01,1707.29,2026-06-09,1707.29
TR-0000067,2026-07-01,1707.29,2026-07-08,1707.29
TR-0000067,2026-08-01,1707.29,2026-07-31,1707.29
TR-0000067,2026-09-01,1707.29,2026-09-11,1707.29
TR-0000067,2026-10-01,1707.29,,
TR-0000068,2024-11-01,2872.96,2024-11-13,2872.96
TR-0000068,2024-12-01,2872.96,2024-12-11,2872.96
TR-0000068,2025-01-01,2872.96,2025-01-08,2872.96
TR-0000068,2025-02-01,2872.96,2025-02-06,2872.96
TR-0000068,2025-03-01,2872.96,2025-03-08,2872.96
TR-0000068,2025-04-01,2872.96,2025-04-07,2872.96
TR-0000068,2025-05-01,2872.96,2025-05-07,2872.96
TR-0000068,2025-06-01,2872.96,2025-06-02,2872.96
TR-0000068,2025-07-01,2872.96,2025-07-08,2872.96
TR-0000068,2025-08-01,2872.96,2025-08-10,2872.96
TR-0000068,2025-09-01,2872.96,2025-09-10,2872.96
TR-0000068,2025-10-01,2872.96,2025-10-01,2872.96
TR-0000068,2025-11-01,2872.96,2025-10-29,2872.96
TR-0000068,2025-12-01,2872.96,2025-12-03,2872.96
TR-0000068,2026-01-01,2872.96,2026-01-09,2872.96
TR-0000068,2026-02-01,2872.96,2026-02-11,2872.96
TR-0000068,2026-03-01,2872.96,2026-03-11,2872.96
TR-0000068,2026-04-01,2872.96,2026-04-02,2872.96
TR-0000068,2026-05-01,2872.96,2026-04-30,2872.96
TR-0000068,2026-06-01,2872.96,2026-06-08,2872.96
TR-0000068,2026-07-01,2872.96,2026-07-09,2872.96
TR-0000068,2026-08-01,2872.96,2026-08-09,2872.96
TR-0000068,2026-09-01,2872.96,2026-09-10,2872.96
TR-0000068,2026-10-01,2872.96,,
TR-0000069,2024-11-01,931.29,2024-11-04,931.29
TR-0000069,2024-12-01,931.29,2024-11-29,931.29
TR-0000069,2025-01-01,931.29,2024-12-30,931.29
TR-0000069,2025-02-01,931.29,2025-02-13,931.29
TR-0000069,2025-03-01,931.29,2025-03-04,931.29
TR-0000069,2025-04-01,931.29,2025-04-01,931.29
TR-0000069,2025-05-01,931.29,2025-05-05,931.29
TR-0000069,2025-06-01,931.29,2025-06-07,931.29
TR-0000069,2025-07-01,931.29,2025-07-04,931.29
TR-0000069,2025-08-01,931.29,2025-08-09,931.29
TR-0000069,2025-09-01,931.29,2025-09-13,931.29
TR-0000069,2025-10-01,931.29,2025-10-06,931.29
TR-0000069,2025-11-01,931.29,2025-10-31,931.29
TR-0000069,2025-12-01,931.29,2025-12-02,931.29
TR-0000069,2026-01-01,931.29,2026-01-06,931.29
TR-0000069,2026-02-01,931.29,2026-01-31,931.29
TR-0000069,2026-03-01,931.29,2026-03-02,931.29
TR-0000069,2026-04-01,931.29,2026-04-07,931.29
TR-0000069,2026-05-01,931.29,2026-04-29,931.29
TR-0000069,2026-06-01,931.29,2026-06-08,931.29
TR-0000069,2026-07-01,931.29,2026-07-07,931.29
TR-0000069,2026-08-01,931.29,2026-08-01,931.29
TR-0000069,2026-09-01,931.29,2026-09-08,931.29
TR-0000069,2026-10-01,931.29,,
TR-0000070,2024-11-01,2603.08,2024-11-12,2603.08
TR-0000070,2024-12-01,2603.08,2024-11-28,2603.08
TR-0000070,2025-01-01,2603.08,2024-12-29,2603.08
TR-0000070,2025-02-01,2603.08,2025-02-04,2603.08
TR-0000070,2025-03-01,2603.08,2025-03-08,2603.08
TR-0000070,2025-04-01,2603.08,2025-04-04,2603.08
TR-0000070,2025-05-01,2603.08,2025-05-07,2603.08
TR-0000070,2025-06-01,2603.08,2025-06-03,2603.08
TR-0000070,2025-07-01,2603.08,2025-07-07,2603.08
TR-0000070,2025-08-01,2603.08,2025-08-11,2603.08
TR-0000070,2025-09-01,2603.08,2025-09-06,2603.08
TR-0000070,2025-10-01,2603.08,2025-10-06,2603.08
TR-0000070,2025-11-01,2603.08,2025-10-31,2603.08
TR-0000070,2025-12-01,2603.08,2025-11-28,2603.08
TR-0000070,2026-01-01,2603.08,2026-01-09,2603.08
TR-0000070,2026-02-01,2603.08,2026-01-29,2603.08
TR-0000070,2026-03-01,2603.08,2026-03-11,2603.08
TR-0000070,2026-04-01,2603.08,2026-04-09,2603.08
TR-0000070,2026-05-01,2603.08,2026-05-10,2603.08
TR-0000070,2026-06-01,2603.08,2026-05-31,2603.08
TR-0000070,2026-07-01,2603.08,2026-07-09,2603.08
TR-0000070,2026-08-01,2603.08,2026-08-03,2603.08
TR-0000070,2026-09-01,2603.08,2026-08-30,2603.08
TR-0000070,2026-10-01,2603.08,,
TR-0000071,2024-11-01,4517.32,2024-11-08,4517.32
TR-0000071,2024-12-01,4517.32,2024-12-03,4517.32
TR-0000071,2025-01-01,4517.32,2024-12-30,4517.32
TR-0000071,2025-02-01,4517.32,2025-02-02,4517.32
TR-0000071,2025-03-01,4517.32,2025-02-27,4517.32
TR-0000071,2025-04-01,4517.32,2025-04-08,4517.32
TR-0000071,2025-05-01,4517.32,2025-05-08,4517.32
TR-0000071,2025-06-01,4517.32,2025-05-31,4517.32
TR-0000071,2025-07-01,4517.32,2025-07-07,4517.32
TR-0000071,2025-08-01,4517.32,2025-08-10,4517.32
TR-0000071,2025-09-01,4517.32,2025-09-01,4517.32
TR-0000071,2025-10-01,4517.32,2025-10-12,4517.32
TR-0000071,2025-11-01,4517.32,2025-11-05,4517.32
TR-0000071,2025-12-01,4517.32,2025-12-02,4517.32
TR-0000071,2026-01-01,4517.32,2026-01-02,4517.32
TR-0000071,2026-02-01,4517.32,2026-01-30,4517.32
TR-0000071,2026-03-01,4517.32,2026-03-07,4517.32
TR-0000071,2026-04-01,4517.32,2026-04-04,4517.32
TR-0000071,2026-05-01,4517.32,2026-05-07,4517.32
TR-0000071,2026-06-01,4517.32,2026-06-03,4517.32
TR-0000071,2026-07-01,4517.32,2026-07-04,4517.32
TR-0000071,2026-08-01,4517.32,2026-08-07,4517.32
TR-0000071,2026-09-01,4517.32,,
TR-0000071,2026-10-01,4517.32,,
TR-0000072,2024-11-01,783.66,2024-11-11,783.66
TR-0000072,2024-12-01,783.66,2024-11-30,783.66
TR-0000072,2025-01-01,783.66,2025-01-13,783.66
TR-0000072,2025-02-01,783.66,2025-01-30,783.66
TR-0000072,2025-03-01,783.66,2025-03-08,783.66
TR-0000072,2025-04-01,783.66,2025-04-12,783.66
TR-0000072,2025-05-01,783.66,2025-05-10,783.66
TR-0000072,2025-06-01,783.66,2025-06-10,783.66
TR-0000072,2025-07-01,783.66,2025-07-09,783.66
TR-0000072,2025-08-01,783.66,2025-08-10,783.66
TR-0000072,2025-09-01,783.66,2025-09-03,783.66
TR-0000072,2025-10-01,783.66,2025-10-06,783.66
TR-0000072,2025-11-01,783.66,2025-11-07,783.66
TR-0000072,2025-12-01,783.66,2025-12-02,783.66
TR-0000072,2026-01-01,783.66,2025-12-31,783.66
TR-0000072,2026-02-01,783.66,2026-01-29,783.66
TR-0000072,2026-03-01,783.66,2026-03-11,783.66
TR-0000072,2026-04-01,783.66,2026-04-02,783.66
TR-0000072,2026-05-01,783.66,2026-05-04,783.66
TR-0000072,2026-06-01,783.66,2026-06-05,783.66
TR-0000072,2026-07-01,783.66,2026-07-02,783.66
TR-0000072,2026-08-01,783.66,2026-08-02,783.66
TR-0000072,2026-09-01,783.66,2026-09-04,783.66
TR-0000072,2026-10-01,783.66,,
TR-0000073,2024-11-01,4087.57,2024-11-10,4087.57
TR-0000073,2024-12-01,4087.57,2024-12-06,4087.57
TR-0000073,2025-01-01,4087.57,2025-01-11,4087.57
TR-0000073,2025-02-01,4087.57,2025-02-03,4087.57
TR-0000073,2025-03-01,4087.57,2025-03-06,4087.57
TR-0000073,2025-04-01,4087.57,2025-04-11,4087.57
TR-0000073,2025-05-01,4087.57,2025-05-13,4087.57
TR-0000073,2025-06-01,4087.57,2025-05-31,4087.57
TR-0000073,2025-07-01,4087.57,2025-07-04,4087.57
TR-0000073,2025-10-01,4087.57,2025-10-07,4087.57
TR-0000073,2025-11-01,4087.57,2025-11-07,4087.57
TR-0000073,2025-12-01,4087.57,2025-12-10,4087.57
TR-0000073,2026-01-01,4087.57,2026-01-01,4087.57
TR-0000073,2026-02-01,4087.57,2026-02-09,4087.57
TR-0000073,2026-03-01,4087.57,2026-03-07,4087.57
TR-0000073,2026-04-01,4087.57,2026-04-12,4087.57
TR-0000073,2026-05-01,4087.57,2026-05-03,4087.57
TR-0000073,2026-06-01,4087.57,2026-06-07,4087.57
TR-0000073,2026-07-01,4087.57,2026-07-01,4087.57
TR-0000073,2026-08-01,4087.57,2026-08-01,4087.57
TR-0000073,2026-09-01,4087.57,2026-09-10,4087.57
TR-0000073,2026-10-01,4087.57,,
TR-0000074,2024-11-01,3729.86,2024-11-11,3729.86
TR-0000074,2024-12-01,3729.86,2024-11-30,3729.86
TR-0000074,2025-01-01,3729.86,2025-01-11,3729.86
TR-0000074,2025-02-01,3729.86,2025-02-10,3729.86
TR-0000074,2025-03-01,3729.86,2025-03-13,3729.86
TR-0000074,2025-04-01,3729.86,2025-04-03,3729.86
TR-0000074,2025-05-01,3729.86,2025-04-30,3729.86
TR-0000074,2025-06-01,3729.86,2025-05-30,3729.86
TR-0000074,2025-07-01,3729.86,2025-07-13,3729.86
TR-0000074,2025-08-01,3729.86,2025-08-12,3729.86
TR-0000074,2025-09-01,3729.86,2025-09-09,3729.86
TR-0000074,2025-10-01,3729.86,2025-10-10,3729.86
TR-0000074,2025-11-01,3729.86,2025-11-09,3729.86
TR-0000074,2025-12-01,3729.86,2025-11-30,3729.86
TR-0000074,2026-01-01,3729.86,2025-12-29,3729.86
TR-0000074,2026-02-01,3729.86,2026-02-09,3729.86
TR-0000074,2026-03-01,3729.86,2026-03-01,3729.86
TR-0000074,2026-04-01,3729.86,2026-03-29,3729.86
TR-0000074,2026-05-01,3729.86,2026-05-06,3729.86
TR-0000074,2026-06-01,3729.86,2026-06-09,3729.86
TR-0000074,2026-07-01,3729.86,2026-07-08,3729.86
TR-0000074,2026-08-01,3729.86,2026-08-10,3729.86
TR-0000074,2026-09-01,3729.86,2026-09-08,3729.86
TR-0000074,2026-10-01,3729.86,,
TR-0000075,2024-11-01,4109.13,2024-11-03,4109.13
TR-0000075,2024-12-01,4109.13,2024-12-10,4109.13
TR-0000075,2025-01-01,4109.13,2025-01-13,4109.13
TR-0000075,2025-02-01,4109.13,2025-02-08,4109.13
TR-0000075,2025-03-01,4109.13,2025-03-06,4109.13
TR-0000075,2025-04-01,4109.13,2025-04-07,4109.13
TR-0000075,2025-05-01,4109.13,2025-05-13,4109.13
TR-0000075,2025-06-01,4109.13,2025-06-01,4109.13
TR-0000075,2025-07-01,4109.13,2025-07-07,4109.13
TR-0000075,2025-08-01,4109.13,2025-08-12,4109.13
TR-0000075,2025-09-01,4109.13,2025-09-02,4109.13
TR-0000075,2025-10-01,4109.13,2025-10-01,4109.13
TR-0000075,2025-11-01,4109.13,2025-11-10,4109.13
TR-0000075,2025-12-01,4109.13,2025-12-08,4109.13
TR-0000075,2026-01-01,4109.13,2026-01-06,4109.13
TR-0000075,2026-02-01,4109.13,2026-02-11,4109.13
TR-0000075,2026-03-01,4109.13,2026-02-26,4109.13
TR-0000075,2026-04-01,4109.13,2026-04-11,4109.13
TR-0000075,2026-05-01,4109.13,2026-05-07,4109.13
TR-0000075,2026-06-01,4109.13,2026-06-13,4109.13
TR-0000075,2026-07-01,4109.13,2026-06-28,4109.13
TR-0000075,2026-08-01,4109.13,2026-08-11,4109.13
TR-0000075,2026-09-01,4109.13,2026-09-01,4109.13
TR-0000075,2026-10-01,4109.13,,
TR-0000076,2024-11-01,5811.84,2024-10-31,5811.84
TR-0000076,2024-12-01,5811.84,2024-11-29,5811.84
TR-0000076,2025-01-01,5811.84,2025-01-04,5811.84
TR-0000076,2025-02-01,5811.84,2025-02-13,5811.84
TR-0000076,2025-03-01,5811.84,2025-03-03,5811.84
TR-0000076,2025-04-01,5811.84,2025-04-13,5811.84
TR-0000076,2025-05-01,5811.84,2025-05-09,5811.84
TR-0000076,2025-06-01,5811.84,2025-06-02,5811.84
TR-0000076,2025-07-01,5811.84,2025-07-04,5811.84
TR-0000076,2025-08-01,5811.84,2025-08-09,5811.84
TR-0000076,2025-09-01,5811.84,2025-09-11,5811.84
TR-0000076,2025-10-01,5811.84,2025-10-06,5811.84
TR-0000076,2025-11-01,5811.84,2025-11-05,5811.84
TR-0000076,2025-12-01,5811.84,2025-12-05,5811.84
TR-0000076,2026-01-01,5811.84,2025-12-31,5811.84
TR-0000076,2026-02-01,5811.84,2026-01-30,5811.84
TR-0000076,2026-03-01,5811.84,2026-03-12,5811.84
TR-0000076,2026-04-01,5811.84,2026-04-02,5811.84
TR-0000076,2026-05-01,5811.84,2026-05-06,5811.84
TR-0000076,2026-06-01,5811.84,2026-06-11,5811.84
TR-0000076,2026-07-01,5811.84,2026-07-07,5811.84
TR-0000076,2026-08-01,5811.84,2026-08-12,5811.84
TR-0000076,2026-09-01,5811.84,2026-09-02,5811.84
TR-0000076,2026-10-01,5811.84,,
TR-0000077,2024-11-01,2782.21,2024-11-05,2782.21
TR-0000077,2024-12-01,2782.21,2024-12-08,2782.21
TR-0000077,2025-01-01,2782.21,2025-01-11,2782.21
TR-0000077,2025-02-01,2782.21,2025-02-10,2782.21
TR-0000077,2025-03-01,2782.21,2025-03-07,2782.21
TR-0000077,2025-04-01,2782.21,2025-04-04,2782.21
TR-0000077,2025-05-01,2782.21,2025-05-08,2782.21
TR-0000077,2025-06-01,2782.21,2025-06-10,2782.21
TR-0000077,2025-07-01,2782.21,2025-07-06,2782.21
TR-0000077,2025-08-01,2782.21,2025-08-08,2782.21
TR-0000077,2025-09-01,2782.21,2025-08-30,2782.21
TR-0000077,2025-10-01,2782.21,2025-10-09,2782.21
TR-0000077,2025-11-01,2782.21,2025-11-05,2782.21
TR-0000077,2025-12-01,2782.21,2025-12-13,2782.21
TR-0000077,2026-01-01,2782.21,2025-12-29,2782.21
TR-0000077,2026-02-01,2782.21,2026-02-13,2782.21
TR-0000077,2026-03-01,2782.21,2026-02-27,2782.21
TR-0000077,2026-04-01,2782.21,2026-04-06,2782.21
TR-0000077,2026-05-01,2782.21,2026-05-07,2782.21
TR-0000077,2026-06-01,2782.21,2026-06-13,2782.21
TR-0000077,2026-07-01,2782.21,2026-07-12,2782.21
TR-0000077,2026-08-01,2782.21,2026-08-03,2782.21
TR-0000077,2026-09-01,2782.21,2026-09-06,2782.21
TR-0000077,2026-10-01,2782.21,,
TR-0000078,2024-11-01,1588.03,2024-11-01,1588.03
TR-0000078,2024-12-01,1588.03,2024-12-02,1588.03
TR-0000078,2025-01-01,1588.03,2025-01-08,1588.03
TR-0000078,2025-02-01,1588.03,2025-02-12,1588.03
TR-0000078,2025-03-01,1588.03,2025-02-26,1588.03
TR-0000078,2025-04-01,1588.03,2025-04-02,1588.03
TR-0000078,2025-05-01,1588.03,2025-04-28,1588.03
TR-0000078,2025-06-01,1588.03,2025-06-07,1588.03
TR-0000078,2025-07-01,1588.03,2025-07-04,1588.03
TR-0000078,2025-08-01,1588.03,2025-08-06,1588.03
TR-0000078,2025-09-01,1588.03,2025-09-04,1588.03
TR-0000078,2025-10-01,1588.03,2025-10-11,1588.03
TR-0000078,2025-11-01,1588.03,2025-11-06,1588.03
TR-0000078,2025-12-01,1588.03,2025-12-09,1588.03
TR-0000078,2026-01-01,1588.03,2025-12-29,1588.03
TR-0000078,2026-02-01,1588.03,2026-02-13,1588.03
TR-0000078,2026-03-01,1588.03,2026-03-03,1588.03
TR-0000078,2026-04-01,1588.03,2026-04-06,1588.03
TR-0000078,2026-05-01,1588.03,2026-05-07,1588.03
TR-0000078,2026-06-01,1588.03,2026-06-02,1588.03
TR-0000078,2026-07-01,1588.03,2026-07-05,1588.03
TR-0000078,2026-08-01,1588.03,2026-08-01,1588.03
TR-0000078,2026-09-01,1588.03,2026-09-05,1588.03
TR-0000078,2026-10-01,1588.03,,
TR-0000079,2024-11-01,3505.73,2024-11-09,3505.73
TR-0000079,2024-12-01,3505.73,2024-12-03,3505.73
TR-0000079,2025-01-01,3505.73,2025-01-05,3505.73
TR-0000079,2025-02-01,3505.73,2025-02-03,3505.73
TR-0000079,2025-03-01,3505.73,2025-03-10,3505.73
TR-0000079,2025-04-01,3505.73,2025-03-30,3505.73
TR-0000079,2025-05-01,3505.73,2025-05-11,3505.73
TR-0000079,2025-06-01,3505.73,2025-05-31,3505.73
TR-0000079,2025-07-01,3505.73,2025-07-02,3505.73
TR-0000079,2025-08-01,3505.73,2025-07-31,3505.73
TR-0000079,2025-09-01,3505.73,2025-08-30,3505.73
TR-0000079,2025-10-01,3505.73,2025-10-06,3505.73
TR-0000079,2025-11-01,3505.73,2025-10-29,3505.73
TR-0000079,2025-12-01,3505.73,2025-12-09,3505.73
TR-0000079,2026-01-01,3505.73,2026-01-13,3505.73
TR-0000079,2026-02-01,3505.73,2026-02-04,3505.73
TR-0000079,2026-03-01,3505.73,2026-03-12,3505.73
TR-0000079,2026-04-01,3505.73,2026-04-03,3505.73
TR-0000079,2026-05-01,3505.73,2026-04-30,3505.73
TR-0000079,2026-06-01,3505.73,2026-06-06,3505.73
TR-0000079,2026-07-01,3505.73,2026-06-29,3505.73
TR-0000079,2026-08-01,3505.73,2026-08-01,3505.73
TR-0000079,2026-09-01,3505.73,,
TR-0000079,2026-10-01,3505.73,,
TR-0000080,2024-11-01,3864.41,2024-11-09,3864.41
TR-0000080,2024-12-01,3864.41,2024-12-07,3864.41
TR-0000080,2025-01-01,3864.41,2025-01-06,3864.41
TR-0000080,2025-02-01,3864.41,2025-02-12,3864.41
TR-0000080,2025-03-01,3864.41,2025-02-26,3864.41
TR-0000080,2025-04-01,3864.41,2025-04-06,3864.41
TR-0000080,2025-05-01,3864.41,2025-05-05,3864.41
TR-0000080,2025-06-01,3864.41,2025-06-12,3864.41
TR-0000080,2025-07-01,3864.41,2025-07-10,3864.41
TR-0000080,2025-08-01,3864.41,2025-08-02,3864.41
TR-0000080,2025-09-01,3864.41,2025-09-06,3864.41
TR-0000080,2025-10-01,3864.41,2025-09-28,3864.41
TR-0000080,2025-11-01,3864.41,2025-11-07,3864.41
TR-0000080,2025-12-01,3864.41,2025-12-09,3864.41
TR-0000080,2026-01-01,3864.41,2026-01-12,3864.41
TR-0000080,2026-02-01,3864.41,2026-02-13,3864.41
TR-0000080,2026-03-01,3864.41,2026-03-11,3864.41
TR-0000080,2026-04-01,3864.41,2026-04-09,3864.41
TR-0000080,2026-05-01,3864.41,2026-05-10,3864.41
TR-0000080,2026-06-01,3864.41,2026-06-06,3864.41
TR-0000080,2026-07-01,3864.41,2026-07-04,3864.41
TR-0000080,2026-08-01,3864.41,2026-07-30,3864.41
TR-0000080,2026-09-01,3864.41,2026-09-08,3864.41
TR-0000080,2026-10-01,3864.41,,
TR-0000081,2024-11-01,5694.21,2024-11-06,5694.21
TR-0000081,2024-12-01,5694.21,2024-12-01,5694.21
TR-0000081,2025-01-01,5694.21,2024-12-30,5694.21
TR-0000081,2025-02-01,5694.21,2025-02-06,5694.21
TR-0000081,2025-03-01,5694.21,2025-03-09,5694.21
TR-0000081,2025-04-01,5694.21,2025-04-10,5694.21
TR-0000081,2025-05-01,5694.21,2025-05-01,5694.21
TR-0000081,2025-06-01,5694.21,2025-06-05,5694.21
TR-0000081,2025-07-01,5694.21,2025-07-03,5694.21
TR-0000081,2025-08-01,5694.21,2025-08-11,5694.21
TR-0000081,2025-09-01,5694.21,2025-09-12,5694.21
TR-0000081,2025-10-01,5694.21,2025-10-08,5694.21
TR-0000081,2025-11-01,5694.21,2025-11-11,5694.21
TR-0000081,2025-12-01,5694.21,2025-12-11,5694.21
TR-0000081,2026-01-01,5694.21,2026-01-07,5694.21
TR-0000081,2026-02-01,5694.21,2026-02-07,5694.21
TR-0000081,2026-03-01,5694.21,2026-03-04,5694.21
TR-0000081,2026-04-01,5694.21,2026-04-04,5694.21
TR-0000081,2026-05-01,5694.21,2026-05-09,5694.21
TR-0000081,2026-06-01,5694.21,2026-06-08,5694.21
TR-0000081,2026-07-01,5694.21,2026-07-10,5694.21
TR-0000081,2026-08-01,5694.21,2026-07-31,5694.21
TR-0000081,2026-09-01,5694.21,2026-08-30,5694.21
TR-0000081,2026-10-01,5694.21,,
TR-0000082,2024-11-01,2545.03,2024-11-03,2545.03
TR-0000082,2024-12-01,2545.03,2024-12-09,2545.03
TR-0000082,2025-01-01,2545.03,2025-01-09,2545.03
TR-0000082,2025-02-01,2545.03,2025-01-29,2545.03
TR-0000082,2025-03-01,2545.03,2025-02-26,2545.03
TR-0000082,2025-04-01,2545.03,2025-04-10,2545.03
TR-0000082,2025-05-01,2545.03,2025-05-02,2545.03
TR-0000082,2025-06-01,2545.03,2025-06-05,2545.03
TR-0000082,2025-07-01,2545.03,2025-07-05,2545.03
TR-0000082,2025-08-01,2545.03,2025-08-10,2545.03
TR-0000082,2025-09-01,2545.03,2025-09-11,2545.03
TR-0000082,2025-10-01,2545.03,2025-09-28,2545.03
TR-0000082,2025-11-01,2545.03,2025-11-08,2545.03
TR-0000082,2025-12-01,2545.03,2025-12-10,2545.03
TR-0000082,2026-01-01,2545.03,2026-01-12,2545.03
TR-0000082,2026-02-01,2545.03,2026-02-11,2545.03
TR-0000082,2026-03-01,2545.03,2026-02-27,2545.03
TR-0000082,2026-04-01,2545.03,2026-04-09,2545.03
TR-0000082,2026-05-01,2545.03,2026-05-02,2545.03
TR-0000082,2026-06-01,2545.03,2026-06-05,2545.03
TR-0000082,2026-07-01,2545.03,2026-07-12,2545.03
TR-0000082,2026-08-01,2545.03,2026-08-04,2545.03
TR-0000082,2026-09-01,2545.03,2026-08-30,2545.03
TR-0000082,2026-10-01,2545.03,,
TR-0000083,2024-11-01,5416.57,2024-11-05,5416.57
TR-0000083,2024-12-01,5416.57,2024-12-01,5416.57
TR-0000083,2025-01-01,5416.57,2024-12-29,5416.57
TR-0000083,2025-02-01,5416.57,2025-01-31,5416.57
TR-0000083,2025-03-01,5416.57,2025-02-27,5416.57
TR-0000083,2025-04-01,5416.57,2025-04-13,5416.57
TR-0000083,2025-05-01,5416.57,2025-05-02,5416.57
TR-0000083,2025-06-01,5416.57,2025-05-30,5416.57
TR-0000083,2025-07-01,5416.57,2025-07-10,5416.57
TR-0000083,2025-08-01,5416.57,2025-08-04,5416.57
TR-0000083,2025-09-01,5416.57,2025-09-01,5416.57
TR-0000083,2025-10-01,5416.57,2025-10-13,5416.57
TR-0000083,2025-11-01,5416.57,2025-11-06,5416.57
TR-0000083,2025-12-01,5416.57,2025-12-03,5416.57
TR-0000083,2026-01-01,5416.57,2026-01-11,5416.57
TR-0000083,2026-02-01,5416.57,2026-02-06,5416.57
TR-0000083,2026-03-01,5416.57,2026-03-07,5416.57
TR-0000083,2026-04-01,5416.57,2026-04-02,5416.57
TR-0000083,2026-05-01,5416.57,2026-05-13,5416.57
TR-0000083,2026-06-01,5416.57,2026-06-04,5416.57
TR-0000083,2026-07-01,5416.57,2026-07-07,5416.57
TR-0000083,2026-08-01,5416.57,2026-08-03,5416.57
TR-0000083,2026-09-01,5416.57,2026-08-30,5416.57
TR-0000083,2026-10-01,5416.57,,
TR-0000084,2024-11-01,2985.19,2024-11-12,2985.19
TR-0000084,2024-12-01,2985.19,2024-11-28,2985.19
TR-0000084,2025-01-01,2985.19,2024-12-30,2985.19
TR-0000084,2025-02-01,2985.19,2025-01-31,2985.19
TR-0000084,2025-03-01,2985.19,2025-03-10,2985.19
TR-0000084,2025-04-01,2985.19,2025-04-12,2985.19
TR-0000084,2025-05-01,2985.19,2025-05-11,2985.19
TR-0000084,2025-06-01,2985.19,2025-06-11,2985.19
TR-0000084,2025-07-01,2985.19,2025-07-11,2985.19
TR-0000084,2025-08-01,2985.19,2025-08-05,2985.19
TR-0000084,2025-09-01,2985.19,2025-09-01,2985.19
TR-0000084,2025-10-01,2985.19,2025-10-10,2985.19
TR-0000084,2025-11-01,2985.19,2025-11-05,2985.19
TR-0000084,2025-12-01,2985.19,2025-12-13,2985.19
TR-0000084,2026-01-01,2985.19,2026-01-13,2985.19
TR-0000084,2026-02-01,2985.19,2026-02-10,2985.19
TR-0000084,2026-03-01,2985.19,2026-03-09,2985.19
TR-0000084,2026-04-01,2985.19,2026-04-09,2985.19
TR-0000084,2026-05-01,2985.19,2026-05-04,2985.19
TR-0000084,2026-06-01,2985.19,2026-06-02,2985.19
TR-0000084,2026-07-01,2985.19,2026-07-10,2985.19
TR-0000084,2026-08-01,2985.19,2026-08-01,2985.19
TR-0000084,2026-09-01,2985.19,2026-08-31,2985.19
TR-0000084,2026-10-01,2985.19,,
TR-0000085,2024-11-01,6068.53,2024-11-09,6068.53
TR-0000085,2024-12-01,6068.53,2024-12-09,6068.53
TR-0000085,2025-01-01,6068.53,2025-01-12,6068.53
TR-0000085,2025-02-01,6068.53,2025-02-03,6068.53
TR-0000085,2025-03-01,6068.53,2025-03-06,6068.53
TR-0000085,2025-04-01,6068.53,2025-04-01,6068.53
TR-0000085,2025-05-01,6068.53,2025-05-06,6068.53
TR-0000085,2025-06-01,6068.53,2025-06-11,6068.53
TR-0000085,2025-07-01,6068.53,2025-07-09,6068.53
TR-0000085,2025-08-01,6068.53,2025-08-08,6068.53
TR-0000085,2025-09-01,6068.53,2025-09-05,6068.53
TR-0000085,2025-10-01,6068.53,2025-10-04,6068.53
TR-0000085,2025-11-01,6068.53,2025-11-05,6068.53
TR-0000085,2025-12-01,6068.53,2025-12-06,6068.53
TR-0000085,2026-01-01,6068.53,2026-01-08,6068.53
TR-0000085,2026-02-01,6068.53,2026-01-30,6068.53
TR-0000085,2026-03-01,6068.53,2026-03-07,6068.53
TR-0000085,2026-04-01,6068.53,2026-04-03,6068.53
TR-0000085,2026-05-01,6068.53,2026-05-05,6068.53
TR-0000085,2026-06-01,6068.53,2026-06-01,6068.53
TR-0000085,2026-07-01,6068.53,2026-07-07,6068.53
TR-0000085,2026-08-01,6068.53,2026-08-03,6068.53
TR-0000085,2026-09-01,6068.53,2026-09-12,6068.53
TR-0000085,2026-10-01,6068.53,,
TR-0000086,2024-11-01,1646.63,2024-11-12,1646.63
TR-0000086,2024-12-01,1646.63,2024-11-29,1646.63
TR-0000086,2025-01-01,1646.63,2025-01-09,1646.63
TR-0000086,2025-02-01,1646.63,2025-02-11,1646.63
TR-0000086,2025-03-01,1646.63,2025-03-02,1646.63
TR-0000086,2025-04-01,1646.63,2025-04-06,1646.63
TR-0000086,2025-05-01,1646.63,2025-05-12,1646.63
TR-0000086,2025-06-01,1646.63,2025-05-31,1646.63
TR-0000086,2025-07-01,1646.63,2025-07-06,1646.63
TR-0000086,2025-08-01,1646.63,2025-08-07,1646.63
TR-0000086,2025-09-01,1646.63,2025-09-05,1646.63
TR-0000086,2025-10-01,1646.63,2025-10-06,1646.63
TR-0000086,2025-11-01,1646.63,2025-11-13,1646.63
TR-0000086,2025-12-01,1646.63,2025-12-12,1646.63
TR-0000086,2026-01-01,1646.63,2026-01-11,1646.63
TR-0000086,2026-02-01,1646.63,2026-02-06,1646.63
TR-0000086,2026-03-01,1646.63,2026-03-11,1646.63
TR-0000086,2026-04-01,1646.63,2026-04-12,1646.63
TR-0000086,2026-05-01,1646.63,2026-04-30,1646.63
TR-0000086,2026-06-01,1646.63,2026-05-30,1646.63
TR-0000086,2026-07-01,1646.63,2026-07-02,1646.63
TR-0000086,2026-08-01,1646.63,2026-08-06,1646.63
TR-0000086,2026-09-01,1646.63,,
TR-0000086,2026-10-01,1646.63,,
TR-0000087,2024-11-01,1195.12,2024-11-04,1195.12
TR-0000087,2024-12-01,1195.12,2024-11-28,1195.12
TR-0000087,2025-01-01,1195.12,2025-01-05,1195.12
TR-0000087,2025-02-01,1195.12,2025-01-30,1195.12
TR-0000087,2025-03-01,1195.12,2025-03-02,1195.12
TR-0000087,2025-04-01,1195.12,2025-03-29,1195.12
TR-0000087,2025-05-01,1195.12,2025-05-13,1195.12
TR-0000087,2025-06-01,1195.12,2025-06-08,1195.12
TR-0000087,2025-07-01,1195.12,2025-07-13,1195.12
TR-0000087,2025-08-01,1195.12,2025-08-04,1195.12
TR-0000087,2025-09-01,1195.12,2025-09-08,1195.12
TR-0000087,2025-10-01,1195.12,2025-10-09,1195.12
TR-0000087,2025-11-01,1195.12,2025-10-31,1195.12
TR-0000087,2025-12-01,1195.12,2025-12-04,1195.12
TR-0000087,2026-01-01,1195.12,2026-01-10,1195.12
TR-0000087,2026-02-01,1195.12,2026-02-07,1195.12
TR-0000087,2026-03-01,1195.12,2026-03-10,1195.12
TR-0000087,2026-04-01,1195.12,2026-04-01,1195.12
TR-0000087,2026-05-01,1195.12,2026-05-08,1195.12
TR-0000087,2026-06-01,1195.12,2026-06-08,1195.12
TR-0000087,2026-07-01,1195.12,2026-07-04,1195.12
TR-0000087,2026-08-01,1195.12,2026-07-29,1195.12
TR-0000087,2026-09-01,1195.12,2026-09-11,1195.12
TR-0000087,2026-10-01,1195.12,,
TR-0000088,2024-11-01,1750.66,2024-11-11,1750.66
TR-0000088,2024-12-01,1750.66,2024-12-07,1750.66
TR-0000088,2025-01-01,1750.66,2025-01-11,1750.66
TR-0000088,2025-02-01,1750.66,2025-02-02,1750.66
TR-0000088,2025-03-01,1750.66,2025-03-13,1750.66
TR-0000088,2025-04-01,1750.66,2025-04-10,1750.66
TR-0000088,2025-05-01,1750.66,2025-05-10,1750.66
TR-0000088,2025-06-01,1750.66,2025-06-03,1750.66
TR-0000088,2025-07-01,1750.66,2025-07-12,1750.66
TR-0000088,2025-08-01,1750.66,2025-08-02,1750.66
TR-0000088,2025-09-01,1750.66,2025-09-13,1750.66
TR-0000088,2025-10-01,1750.66,2025-10-03,1750.66
TR-0000088,2025-11-01,1750.66,2025-11-07,1750.66
TR-0000088,2025-12-01,1750.66,2025-12-03,1750.66
TR-0000088,2026-01-01,1750.66,2026-01-11,1750.66
TR-0000088,2026-02-01,1750.66,2026-02-05,1750.66
TR-0000088,2026-03-01,1750.66,2026-02-27,1750.66
TR-0000088,2026-04-01,1750.66,2026-04-13,1750.66
TR-0000088,2026-05-01,1750.66,2026-05-01,1750.66
TR-0000088,2026-06-01,1750.66,2026-06-05,1750.66
TR-0000088,2026-07-01,1750.66,2026-07-04,1750.66
TR-0000088,2026-08-01,1750.66,,
TR-0000088,2026-09-01,1750.66,,
TR-0000088,2026-10-01,1750.66,,
TR-0000089,2024-11-01,3656.35,2024-10-29,3656.35
TR-0000089,2024-12-01,3656.35,2024-12-09,3656.35
TR-0000089,2025-01-01,3656.35,2025-01-01,3656.35
TR-0000089,2025-02-01,3656.35,2025-01-30,3656.35
TR-0000089,2025-03-01,3656.35,2025-02-28,3656.35
TR-0000089,2025-04-01,3656.35,2025-04-07,3656.35
TR-0000089,2025-05-01,3656.35,2025-05-03,3656.35
TR-0000089,2025-06-01,3656.35,2025-05-31,3656.35
TR-0000089,2025-07-01,3656.35,2025-07-05,3656.35
TR-0000089,2025-08-01,3656.35,2025-08-12,3656.35
TR-0000089,2025-09-01,3656.35,2025-09-11,3656.35
TR-0000089,2025-10-01,3656.35,2025-10-10,3656.35
TR-0000089,2025-11-01,3656.35,2025-11-06,3656.35
TR-0000089,2025-12-01,3656.35,2025-12-11,3656.35
TR-0000089,2026-01-01,3656.35,2025-12-30,3656.35
TR-0000089,2026-02-01,3656.35,2026-01-31,3656.35
TR-0000089,2026-03-01,3656.35,2026-03-12,3656.35
TR-0000089,2026-04-01,3656.35,2026-04-08,3656.35
TR-0000089,2026-05-01,3656.35,2026-05-01,3656.35
TR-0000089,2026-06-01,3656.35,2026-06-02,3656.35
TR-0000089,2026-07-01,3656.35,2026-07-09,3656.35
TR-0000089,2026-08-01,3656.35,2026-08-09,3656.35
TR-0000089,2026-09-01,3656.35,2026-09-03,3656.35
TR-0000089,2026-10-01,3656.35,,
TR-0000090,2024-11-01,2036.59,2024-11-02,2036.59
TR-0000090,2024-12-01,2036.59,2024-12-11,2036.59
TR-0000090,2025-01-01,2036.59,2025-01-05,2036.59
TR-0000090,2025-02-01,2036.59,2025-02-01,2036.59
TR-0000090,2025-03-01,2036.59,2025-03-07,2036.59
TR-0000090,2025-04-01,2036.59,2025-04-02,2036.59
TR-0000090,2025-05-01,2036.59,2025-05-09,2036.59
TR-0000090,2025-06-01,2036.59,2025-06-13,2036.59
TR-0000090,2025-07-01,2036.59,2025-07-06,2036.59
TR-0000090,2025-08-01,2036.59,2025-08-03,2036.59
TR-0000090,2025-09-01,2036.59,2025-09-10,2036.59
TR-0000090,2025-10-01,2036.59,2025-10-08,2036.59
TR-0000090,2025-11-01,2036.59,2025-11-08,2036.59
TR-0000090,2025-12-01,2036.59,2025-12-13,2036.59
TR-0000090,2026-01-01,2036.59,2026-01-02,2036.59
TR-0000090,2026-02-01,2036.59,2026-02-06,2036.59
TR-0000090,2026-03-01,2036.59,2026-03-12,2036.59
TR-0000090,2026-04-01,2036.59,2026-03-31,2036.59
TR-0000090,2026-05-01,2036.59,2026-05-03,2036.59
TR-0000090,2026-06-01,2036.59,2026-06-03,2036.59
TR-0000090,2026-07-01,2036.59,2026-07-07,2036.59
TR-0000090,2026-08-01,2036.59,2026-08-09,2036.59
TR-0000090,2026-09-01,2036.59,,
TR-0000090,2026-10-01,2036.59,,
TR-0000091,2024-11-01,3745.01,2024-11-05,3745.01
TR-0000091,2024-12-01,3745.01,2024-12-12,3745.01
TR-0000091,2025-01-01,3745.01,2025-01-11,3745.01
TR-0000091,2025-02-01,3745.01,2025-02-03,3745.01
TR-0000091,2025-03-01,3745.01,2025-03-11,3745.01
TR-0000091,2025-04-01,3745.01,2025-04-02,3745.01
TR-0000091,2025-05-01,3745.01,2025-05-10,3745.01
TR-0000091,2025-06-01,3745.01,2025-06-05,3745.01
TR-0000091,2025-07-01,3745.01,2025-07-04,3745.01
TR-0000091,2025-08-01,3745.01,2025-08-06,3745.01
TR-0000091,2025-09-01,3745.01,2025-09-09,3745.01
TR-0000091,2025-10-01,3745.01,2025-10-13,3745.01
TR-0000091,2025-11-01,3745.01,2025-11-05,3745.01
TR-0000091,2025-12-01,3745.01,2025-12-02,3745.01
TR-0000091,2026-01-01,3745.01,2026-01-04,3745.01
TR-0000091,2026-02-01,3745.01,2026-02-06,3745.01
TR-0000091,2026-03-01,3745.01,2026-03-02,3745.01
TR-0000091,2026-04-01,3745.01,2026-03-29,3745.01
TR-0000091,2026-05-01,3745.01,,
TR-0000091,2026-06-01,3745.01,,
TR-0000091,2026-07-01,3745.01,,
TR-0000091,2026-08-01,3745.01,,
TR-0000091,2026-09-01,3745.01,,
TR-0000091,2026-10-01,3745.01,,
TR-0000092,2024-11-01,3655.23,2024-11-04,3655.23
TR-0000092,2024-12-01,3655.23,2024-12-13,3655.23
TR-0000092,2025-01-01,3655.23,2025-01-09,3655.23
TR-0000092,2025-02-01,3655.23,2025-02-12,3655.23
TR-0000092,2025-03-01,3655.23,2025-02-26,3655.23
TR-0000092,2025-04-01,3655.23,2025-03-30,3655.23
TR-0000092,2025-05-01,3655.23,2025-05-08,3655.23
TR-0000092,2025-06-01,3655.23,2025-06-13,3655.23
TR-0000092,2025-07-01,3655.23,2025-07-02,3655.23
TR-0000092,2025-08-01,3655.23,2025-08-06,3655.23
TR-0000092,2025-09-01,3655.23,2025-09-02,3655.23
TR-0000092,2025-10-01,3655.23,2025-09-28,3655.23
TR-0000092,2025-11-01,3655.23,2025-10-30,3655.23
TR-0000092,2025-12-01,3655.23,2025-12-06,3655.23
TR-0000092,2026-01-01,3655.23,2026-01-09,3655.23
TR-0000092,2026-02-01,3655.23,2026-01-29,3655.23
TR-0000092,2026-03-01,3655.23,2026-03-04,3655.23
TR-0000092,2026-04-01,3655.23,2026-04-07,3655.23
TR-0000092,2026-05-01,3655.23,2026-05-01,3655.23
TR-0000092,2026-06-01,3655.23,,
TR-0000092,2026-07-01,3655.23,,
TR-0000092,2026-08-01,3655.23,,
TR-0000092,2026-09-01,3655.23,,
TR-0000092,2026-10-01,3655.23,,
TR-0000093,2024-11-01,4238.50,2024-11-10,4238.50
TR-0000093,2024-12-01,4238.50,2024-12-09,4238.50
TR-0000093,2025-01-01,4238.50,2024-12-29,4238.50
TR-0000093,2025-02-01,4238.50,2025-02-02,4238.50
TR-0000093,2025-03-01,4238.50,2025-03-06,4238.50
TR-0000093,2025-04-01,4238.50,2025-04-11,4238.50
TR-0000093,2025-05-01,4238.50,2025-05-10,4238.50
TR-0000093,2025-06-01,4238.50,2025-06-04,4238.50
TR-0000093,2025-07-01,4238.50,2025-06-30,4238.50
TR-0000093,2025-08-01,4238.50,2025-07-31,4238.50
TR-0000093,2025-09-01,4238.50,2025-09-12,4238.50
TR-0000093,2025-10-01,4238.50,2025-10-13,4238.50
TR-0000093,2025-11-01,4238.50,2025-11-01,4238.50
TR-0000093,2025-12-01,4238.50,2025-12-12,4238.50
TR-0000093,2026-01-01,4238.50,2026-01-06,4238.50
TR-0000093,2026-02-01,4238.50,2026-01-29,4238.50
TR-0000093,2026-03-01,4238.50,2026-03-08,4238.50
TR-0000093,2026-04-01,4238.50,2026-03-31,4238.50
TR-0000093,2026-05-01,4238.50,2026-05-01,4238.50
TR-0000093,2026-06-01,4238.50,2026-06-02,4238.50
TR-0000093,2026-07-01,4238.50,2026-06-30,4238.50
TR-0000093,2026-08-01,4238.50,,
TR-0000093,2026-09-01,4238.50,,
TR-0000093,2026-10-01,4238.50,,
TR-0000094,2024-11-01,3419.24,2024-11-01,3419.24
TR-0000094,2024-12-01,3419.24,2024-12-04,3419.24
TR-0000094,2025-01-01,3419.24,2025-01-12,3419.24
TR-0000094,2025-02-01,3419.24,2025-02-13,3419.24
TR-0000094,2025-03-01,3419.24,2025-03-05,3419.24
TR-0000094,2025-04-01,3419.24,2025-04-10,3419.24
TR-0000094,2025-05-01,3419.24,2025-05-03,3419.24
TR-0000094,2025-06-01,3419.24,2025-06-03,3419.24
TR-0000094,2025-07-01,3419.24,2025-07-10,3419.24
TR-0000094,2025-08-01,3419.24,2025-08-01,3419.24
TR-0000094,2025-09-01,3419.24,2025-09-04,3419.24
TR-0000094,2025-10-01,3419.24,2025-10-09,3419.24
TR-0000094,2025-11-01,3419.24,2025-11-07,3419.24
TR-0000094,2025-12-01,3419.24,2025-12-11,3419.24
TR-0000094,2026-01-01,3419.24,2025-12-29,3419.24
TR-0000094,2026-02-01,3419.24,2026-02-01,3419.24
TR-0000094,2026-03-01,3419.24,2026-03-09,3419.24
TR-0000094,2026-04-01,3419.24,2026-03-31,3419.24
TR-0000094,2026-05-01,3419.24,2026-05-08,3419.24
TR-0000094,2026-06-01,3419.24,2026-06-05,3419.24
TR-0000094,2026-07-01,3419.24,2026-06-29,3419.24
TR-0000094,2026-08-01,3419.24,2026-08-12,3419.24
TR-0000094,2026-09-01,3419.24,2026-09-07,3419.24
TR-0000094,2026-10-01,3419.24,,
TR-0000095,2024-11-01,4338.44,2024-11-04,4338.44
TR-0000095,2024-12-01,4338.44,2024-12-12,4338.44
TR-0000095,2025-01-01,4338.44,2025-01-09,4338.44
TR-0000095,2025-02-01,4338.44,2025-02-05,4338.44
TR-0000095,2025-03-01,4338.44,2025-03-11,4338.44
TR-0000095,2025-04-01,4338.44,2025-04-13,4338.44
TR-0000095,2025-05-01,4338.44,2025-05-02,4338.44
TR-0000095,2025-06-01,4338.44,2025-06-04,4338.44
TR-0000095,2025-07-01,4338.44,2025-07-11,4338.44
TR-0000095,2025-08-01,4338.44,2025-08-04,4338.44
TR-0000095,2025-09-01,4338.44,2025-09-13,4338.44
TR-0000095,2025-10-01,4338.44,2025-10-09,4338.44
TR-0000095,2025-11-01,4338.44,2025-11-06,4338.44
TR-0000095,2025-12-01,4338.44,2025-12-12,4338.44
TR-0000095,2026-01-01,4338.44,2025-12-31,4338.44
TR-0000095,2026-02-01,4338.44,2026-02-06,4338.44
TR-0000095,2026-03-01,4338.44,2026-03-07,4338.44
TR-0000095,2026-04-01,4338.44,2026-04-03,4338.44
TR-0000095,2026-05-01,4338.44,2026-05-11,4338.44
TR-0000095,2026-06-01,4338.44,2026-06-09,4338.44
TR-0000095,2026-07-01,4338.44,,
TR-0000095,2026-08-01,4338.44,,
TR-0000095,2026-09-01,4338.44,,
TR-0000095,2026-10-01,4338.44,,
TR-0000096,2024-11-01,2628.62,2024-11-05,2628.62
TR-0000096,2024-12-01,2628.62,2024-11-29,2628.62
TR-0000096,2025-01-01,2628.62,2025-01-02,2628.62
TR-0000096,2025-02-01,2628.62,2025-02-10,2628.62
TR-0000096,2025-03-01,2628.62,2025-03-07,2628.62
TR-0000096,2025-04-01,2628.62,2025-04-04,2628.62
TR-0000096,2025-05-01,2628.62,2025-05-03,2628.62
TR-0000096,2025-06-01,2628.62,2025-05-30,2628.62
TR-0000096,2025-07-01,2628.62,2025-07-10,2628.62
TR-0000096,2025-08-01,2628.62,2025-07-31,2628.62
TR-0000096,2025-09-01,2628.62,2025-09-05,2628.62
TR-0000096,2025-10-01,2628.62,2025-10-12,2628.62
TR-0000096,2025-11-01,2628.62,2025-11-05,2628.62
TR-0000096,2025-12-01,2628.62,2025-12-11,2628.62
TR-0000096,2026-01-01,2628.62,2026-01-12,2628.62
TR-0000096,2026-02-01,2628.62,2026-02-07,2628.62
TR-0000096,2026-03-01,2628.62,2026-03-13,2628.62
TR-0000096,2026-04-01,2628.62,2026-03-31,2628.62
TR-0000096,2026-05-01,2628.62,2026-05-09,2628.62
TR-0000096,2026-06-01,2628.62,2026-06-10,2628.62
TR-0000096,2026-07-01,2628.62,2026-07-11,2628.62
TR-0000096,2026-08-01,2628.62,2026-08-07,2628.62
TR-0000096,2026-09-01,2628.62,2026-09-10,2628.62
TR-0000096,2026-10-01,2628.62,,
TR-0000097,2024-11-01,4679.73,2024-11-01,4679.73
TR-0000097,2024-12-01,4679.73,2024-12-13,4679.73
TR-0000097,2025-01-01,4679.73,2025-01-01,4679.73
TR-0000097,2025-02-01,4679.73,2025-02-09,4679.73
TR-0000097,2025-03-01,4679.73,2025-03-07,4679.73
TR-0000097,2025-04-01,4679.73,2025-04-08,4679.73
TR-0000097,2025-05-01,4679.73,2025-04-30,4679.73
TR-0000097,2025-06-01,4679.73,2025-06-03,4679.73
TR-0000097,2025-07-01,4679.73,2025-07-10,4679.73
TR-0000097,2025-08-01,4679.73,2025-08-03,4679.73
TR-0000097,2025-09-01,4679.73,2025-08-29,4679.73
TR-0000097,2025-10-01,4679.73,2025-10-10,4679.73
TR-0000097,2025-11-01,4679.73,2025-11-08,4679.73
TR-0000097,2025-12-01,4679.73,2025-12-06,4679.73
TR-0000097,2026-01-01,4679.73,2026-01-07,4679.73
TR-0000097,2026-02-01,4679.73,2026-02-04,4679.73
TR-0000097,2026-03-01,4679.73,2026-02-28,4679.73
TR-0000097,2026-04-01,4679.73,2026-04-12,4679.73
TR-0000097,2026-05-01,4679.73,2026-05-04,4679.73
TR-0000097,2026-06-01,4679.73,2026-06-12,4679.73
TR-0000097,2026-07-01,4679.73,2026-07-07,4679.73
TR-0000097,2026-08-01,4679.73,2026-08-01,4679.73
TR-0000097,2026-09-01,4679.73,2026-09-05,4679.73
TR-0000097,2026-10-01,4679.73,,
TR-0000098,2024-11-01,1941.89,2024-11-13,1941.89
TR-0000098,2024-12-01,1941.89,2024-12-07,1941.89
TR-0000098,2025-01-01,1941.89,2025-01-06,1941.89
TR-0000098,2025-02-01,1941.89,2025-02-04,1941.89
TR-0000098,2025-03-01,1941.89,2025-02-28,1941.89
TR-0000098,2025-04-01,1941.89,2025-04-02,1941.89
TR-0000098,2025-05-01,1941.89,2025-04-28,1941.89
TR-0000098,2025-06-01,1941.89,2025-05-31,1941.89
TR-0000098,2025-07-01,1941.89,2025-06-30,1941.89
TR-0000098,2025-08-01,1941.89,2025-07-30,1941.89
TR-0000098,2025-09-01,1941.89,2025-09-06,1941.89
TR-0000098,2025-10-01,1941.89,2025-09-30,1941.89
TR-0000098,2025-11-01,1941.89,2025-11-04,1941.89
TR-0000098,2025-12-01,1941.89,2025-12-08,1941.89
TR-0000098,2026-01-01,1941.89,2026-01-11,1941.89
TR-0000098,2026-02-01,1941.89,2026-02-09,1941.89
TR-0000098,2026-03-01,1941.89,2026-03-02,1941.89
TR-0000098,2026-04-01,1941.89,2026-04-12,1941.89
TR-0000098,2026-05-01,1941.89,2026-05-05,1941.89
TR-0000098,2026-06-01,1941.89,2026-06-01,1941.89
TR-0000098,2026-07-01,1941.89,2026-07-02,1941.89
TR-0000098,2026-08-01,1941.89,2026-08-06,1941.89
TR-0000098,2026-09-01,1941.89,2026-09-05,1941.89
TR-0000098,2026-10-01,1941.89,,
TR-0000099,2024-11-01,4121.98,2024-10-30,4121.98
TR-0000099,2024-12-01,4121.98,2024-12-05,4121.98
TR-0000099,2025-01-01,4121.98,2025-01-03,4121.98
TR-0000099,2025-02-01,4121.98,2025-02-08,4121.98
TR-0000099,2025-03-01,4121.98,2025-03-07,4121.98
TR-0000099,2025-04-01,4121.98,2025-04-11,4121.98
TR-0000099,2025-05-01,4121.98,2025-05-08,4121.98
TR-0000099,2025-06-01,4121.98,2025-06-09,4121.98
TR-0000099,2025-07-01,4121.98,2025-07-09,4121.98
TR-0000099,2025-08-01,4121.98,2025-08-05,4121.98
TR-0000099,2025-09-01,4121.98,2025-09-06,4121.98
TR-0000099,2025-10-01,4121.98,2025-10-03,4121.98
TR-0000099,2025-11-01,4121.98,2025-10-31,4121.98
TR-0000099,2025-12-01,4121.98,2025-12-03,4121.98
TR-0000099,2026-01-01,4121.98,2026-01-10,4121.98
TR-0000099,2026-02-01,4121.98,2026-01-29,4121.98
TR-0000099,2026-03-01,4121.98,2026-03-02,4121.98
TR-0000099,2026-04-01,4121.98,2026-04-08,4121.98
TR-0000099,2026-05-01,4121.98,2026-05-02,4121.98
TR-0000099,2026-06-01,4121.98,2026-06-08,4121.98
TR-0000099,2026-07-01,4121.98,2026-06-30,4121.98
TR-0000099,2026-08-01,4121.98,2026-08-12,4121.98
TR-0000099,2026-09-01,4121.98,2026-09-11,4121.98
TR-0000099,2026-10-01,4121.98,,
TR-0000100,2024-11-01,1256.66,2024-11-04,1256.66
TR-0000100,2024-12-01,1256.66,2024-12-01,1256.66
TR-0000100,2025-01-01,1256.66,2025-01-01,1256.66
TR-0000100,2025-02-01,1256.66,2025-02-07,1256.66
TR-0000100,2025-03-01,1256.66,2025-03-03,1256.66
TR-0000100,2025-04-01,1256.66,2025-04-06,1256.66
TR-0000100,2025-05-01,1256.66,2025-05-13,1256.66
TR-0000100,2025-06-01,1256.66,2025-06-11,1256.66
TR-0000100,2025-07-01,1256.66,2025-07-02,1256.66
TR-0000100,2025-08-01,1256.66,2025-08-05,1256.66
TR-0000100,2025-09-01,1256.66,2025-09-01,1256.66
TR-0000100,2025-10-01,1256.66,2025-10-06,1256.66
TR-0000100,2025-11-01,1256.66,2025-11-02,1256.66
TR-0000100,2025-12-01,1256.66,2025-11-28,1256.66
TR-0000100,2026-01-01,1256.66,2026-01-11,1256.66
TR-0000100,2026-02-01,1256.66,2026-02-11,1256.66
TR-0000100,2026-03-01,1256.66,2026-03-02,1256.66
TR-0000100,2026-04-01,1256.66,2026-04-09,1256.66
TR-0000100,2026-05-01,1256.66,2026-05-04,1256.66
TR-0000100,2026-06-01,1256.66,2026-06-05,1256.66
TR-0000100,2026-07-01,1256.66,2026-06-30,1256.66
TR-0000100,2026-08-01,1256.66,2026-08-04,1256.66
TR-0000100,2026-09-01,1256.66,,
TR-0000100,2026-10-01,1256.66,,
